Reef,Year,B,P,n_transects,Degree,Region,C_ann,C_warm,mhw_days,mhw_cum,lB,lP,lB_c,C,YearF
ALCATRAZ,2005,9633.87823816141,18.1556937248096,5,29,Alto Golfo,0.101283294563627,0.363652173913044,22,6.99610000000001,9.17304114834773,2.89898421536235,-0.424972508326606,0.108624417154076,2005
ALCATRAZ,2006,13722.0956962255,14.7905831587487,6,29,Alto Golfo,0.087803842508833,0.46316304347826,53,41.0698,9.52676263715346,2.69399070520494,-0.0712510195208704,0.208135286719292,2006
ALCATRAZ,2007,9133.74518481944,13.0966621852186,4,29,Alto Golfo,-0.673237253381578,-0.915260869565217,0,0,9.11973109591979,2.57235740271986,-0.478282560754543,-1.17028862632418,2007
ALCATRAZ,2008,13775.3285301458,9.88985942933856,8,29,Alto Golfo,-0.284994827645459,-0.239608695652173,19,8.1468,9.53063448347506,2.29150993211992,-0.067379173199269,-0.494636452411141,2008
ALCATRAZ,2009,15291.2324529754,10.326711059738,6,29,Alto Golfo,0.0937216507280112,0.0274021739130438,25,10.4906,9.63503490083985,2.33473384518852,0.0370212441655209,-0.227625582845924,2009
ALCATRAZ,2010,14357.952919641,10.9854759557859,8,29,Alto Golfo,-0.552360541052811,-1.08178260869565,14,4.54480000000001,9.57205927809783,2.39657403268911,-0.0259543785765057,-1.33681036545462,2010
ALCATRAZ,2023,5921.36115646029,7.19062558576812,7,29,Alto Golfo,-0.409894787628153,-0.564445652173912,7,0.989799999999999,8.68632162652708,1.97277817570434,-0.91169203014725,-0.81947340893288,2023
ANEGADA,2009,14633.2841662996,12.9941028178947,5,23,Los Cabos,0.532061686913073,0.505793478260878,77,36.9149,9.59105395045554,2.56449562514788,-0.0069597062187956,0.25076572150191,2009
ANEGADA,2010,6765.1691428702,13.8050372597218,5,23,Los Cabos,-0.126897217196516,-0.414478260869557,28,11.1964,8.81954254293389,2.62503354438042,-0.778471113740439,-0.669506017628525,2010
ANEGADA,2011,5651.47581133994,8.37788156420251,5,23,Los Cabos,0.0918151115706078,0.975086956521747,68,30.4166,8.63967199557915,2.12559508590099,-0.958341661095185,0.72005919976278,2011
ANEGADA,2012,4091.66860440157,5.83843953763798,3,23,Los Cabos,-0.128290760215826,0.14198913043479,37,11.141,8.31670813757533,1.76446355867595,-1.281305519099,-0.113038626324178,2012
ANEGADA,2013,5888.95987245017,10.1873845017906,5,23,Los Cabos,-0.512952011717064,-0.579097826086948,0,0,8.68083466893769,2.32115014125516,-0.917178987736648,-0.834125582845916,2013
ANEGADA,2014,11855.7418493968,14.3477702568349,7,23,Los Cabos,1.05967812526924,1.42492391304349,149,127.412,9.38056757346251,2.66359454733351,-0.21744608321182,1.16989615628452,2014
ANEGADA,2015,16495.4761185541,19.2945939925624,5,23,Los Cabos,1.39296579650211,1.4640543478261,237,109.369,9.71084144766285,2.95982495266208,0.112827790988518,1.20902659106713,2015
ANEGADA,2016,5152.47659774005,5.68762847806871,7,23,Los Cabos,0.711190114101114,0.314978260869573,120,72.7031,8.54723277083097,1.73829337357247,-1.05078088584336,0.0599505041106053,2016
ANEGADA,2017,10509.9499791729,11.5292385816883,8,23,Los Cabos,0.274527440337731,0.333565217391313,54,26.5963,9.26007770450409,2.44488629408547,-0.337935952170238,0.0785374606323454,2017
ANEGADA,2018,16703.7066040125,23.6063527506975,5,23,Los Cabos,0.486171275954169,0.241608695652183,79,46.0997,9.72338592611315,3.16151586015955,0.125372269438815,-0.0134190611067847,2018
ANEGADA,2019,9820.13729535015,9.44832213501789,5,23,Los Cabos,0.101184974584306,-0.545782608695644,59,26.2004,9.19219038244733,2.2458371738915,-0.405823274227004,-0.800810365454612,2019
ANEGADA,2021,22249.4559113839,28.7023604717072,8,23,Los Cabos,0.644472645817183,0.884489130434791,74,37.792,10.0100728338745,3.35697936578447,0.412059177200117,0.629461373675824,2021
ANEGADA,2022,23816.2705524083,40.594730819038,5,23,Los Cabos,0.242911001981566,-0.184097826086949,73,36.5132,10.0781242627423,3.70363827540286,0.480110606067955,-0.439125582845917,2022
ARCO_SAN_LUCAS,1999,32320.8416820791,22.856108731563,2,23,Los Cabos,-0.472294477470489,-0.458771739130427,5,1.18729999999999,10.3834675544395,3.1292184221609,0.785453897765143,-0.713799495889395,1999
ARCO_SAN_LUCAS,2009,7517.00982243339,10.3042513106488,1,23,Los Cabos,0.532061686913073,0.505793478260878,77,36.9149,8.92492370787256,2.332556558685,-0.673089948801776,0.25076572150191,2009
ARCO_SAN_LUCAS,2011,4731.83811254034,8.41683077383936,4,23,Los Cabos,0.0918151115706078,0.975086956521747,68,30.4166,8.46206901330011,2.13023336474508,-1.13594464337422,0.72005919976278,2011
ARCO_SAN_LUCAS,2012,6614.64791982249,8.12952079696333,5,23,Los Cabos,-0.128290760215826,0.14198913043479,37,11.141,8.79704185061595,2.0955019792596,-0.800971806058382,-0.113038626324178,2012
ARCO_SAN_LUCAS,2013,8377.57499507879,13.2141520274916,7,23,Los Cabos,-0.512952011717064,-0.579097826086948,0,0,9.03331377153544,2.58128837857341,-0.564699885138889,-0.834125582845916,2013
ARCO_SAN_LUCAS,2014,7787.73488402491,10.9837997956287,8,23,Los Cabos,1.05967812526924,1.42492391304349,149,127.412,8.9603053243134,2.3964214413903,-0.637708332360937,1.16989615628452,2014
ARCO_SAN_LUCAS,2015,9180.83787026237,12.5878657149283,8,23,Los Cabos,1.39296579650211,1.4640543478261,237,109.369,9.12487375071998,2.53273331144016,-0.473139905954355,1.20902659106713,2015
ARCO_SAN_LUCAS,2016,11622.4214261733,11.1487703074777,7,23,Los Cabos,0.711190114101114,0.314978260869573,120,72.7031,9.36069139304916,2.41132920549928,-0.23732226362517,0.0599505041106053,2016
ARCO_SAN_LUCAS,2017,5259.34535046064,7.50197519546953,8,23,Los Cabos,0.274527440337731,0.333565217391313,54,26.5963,8.56776183989887,2.0151663452652,-1.03025181677546,0.0785374606323454,2017
ARCO_SAN_LUCAS,2018,10756.4602891422,11.9235599569614,8,23,Los Cabos,0.486171275954169,0.241608695652183,79,46.0997,9.28326181018289,2.47851627115645,-0.314751846491443,-0.0134190611067847,2018
ARCO_SAN_LUCAS,2019,11289.0025935788,10.6105303295476,7,23,Los Cabos,0.101184974584306,-0.545782608695644,59,26.2004,9.33158430900541,2.36184693531148,-0.266429347668922,-0.800810365454612,2019
ARCO_SAN_LUCAS,2021,16443.7388762777,21.343468762082,9,23,Los Cabos,0.644472645817183,0.884489130434791,74,37.792,9.70770006831723,3.06074578009073,0.109686411642899,0.629461373675824,2021
ARCO_SAN_LUCAS,2022,12238.3174966132,22.2559149079756,2,23,Los Cabos,0.242911001981566,-0.184097826086949,73,36.5132,9.41232708719088,3.10260781184414,-0.185686569483451,-0.439125582845917,2022
BAJO_CABO_PULMO,1999,15117.2660426012,20.3067064189661,2,23,Cabo Pulmo,-0.37048238132162,-0.149259057971015,0,0,9.62359281609582,3.0109511969554,0.0255791594214916,-0.404286814729983,1999
BAJO_CABO_PULMO,2009,60424.4590255904,74.9798546126385,4,23,Cabo Pulmo,0.519435426897558,0.43976268115942,64,35.0246,11.0091492527073,4.31721947229066,1.41113559603295,0.184734924400452,2009
BAJO_CABO_PULMO,2010,46936.5910607909,65.3830850361037,4,23,Cabo Pulmo,-0.0739892306366885,-0.376922101449276,19,4.3091,10.7565528434357,4.18026358641874,1.15853918676137,-0.631949858208244,2010
BAJO_CABO_PULMO,2011,45391.3173275542,75.8311705519616,4,23,Cabo Pulmo,0.00620255018522805,0.74976268115942,66,23.9319,10.7230761174474,4.32850942912227,1.12506246077306,0.494734924400452,2011
BAJO_CABO_PULMO,2012,26910.7895006359,32.8173286595,4,23,Cabo Pulmo,-0.0544181960339596,0.0826431159420287,27,9.1107,10.2002825818501,3.49095668867166,0.602268925175741,-0.172384640816939,2012
BAJO_CABO_PULMO,2013,18747.1611545779,22.3062070950078,4,23,Cabo Pulmo,-0.405386490910662,-0.280400362318841,0,0,9.83879761484647,3.10486498480289,0.240783958172136,-0.535428119077809,2013
BAJO_CABO_PULMO,2014,14259.1571778574,17.7243269036769,4,23,Cabo Pulmo,0.916832687171531,1.0377518115942,148,98.5037999999999,9.56515458828451,2.87493809729246,-0.032859068389822,0.782724054835232,2014
BAJO_CABO_PULMO,2015,36157.2950067692,32.9223413993888,4,23,Cabo Pulmo,1.12154501593865,1.09095833333333,184,102.0522,10.4956340054793,3.49415149719793,0.897620348804926,0.835930576574362,2015
BAJO_CABO_PULMO,2016,37280.4571694542,30.9320763681172,7,23,Cabo Pulmo,0.955144645496095,0.654980072463768,183,128.3095,10.5262245318535,3.43179371564705,0.92821087517914,0.3999523157048,2016
BAJO_CABO_PULMO,2017,23428.5611485694,41.1580581752448,4,23,Cabo Pulmo,0.582668303609887,0.484653985507246,96,54.7904,10.0617111189704,3.71741973238077,0.46369746229602,0.229626228748278,2017
BAJO_CABO_PULMO,2018,59276.8508397999,63.949065647082,4,23,Cabo Pulmo,0.447462824157831,0.478675724637681,72,36.555,10.9899741350737,4.15808691723918,1.39196047839938,0.223647967878713,2018
BAJO_CABO_PULMO,2019,93866.4318921606,137.605626482449,4,23,Cabo Pulmo,0.210723098130435,-0.125400362318841,32,10.1318,11.4496281134459,4.92439181479734,1.8516144567716,-0.380428119077809,2019
BAJO_CABO_PULMO,2021,86529.8461700922,99.739345149119,4,23,Cabo Pulmo,0.621325837856463,0.920958333333332,95,64.8118,11.3682446758353,4.60256023451711,1.770231019161,0.665930576574364,2021
BAJO_CABO_PULMO,2022,63778.2182933549,87.7441887548436,4,23,Cabo Pulmo,0.182942276212627,0.0410670289855068,52,24.5087,11.0631670049803,4.47442563513698,1.46515334830596,-0.213960727773461,2022
BAJO_CABO_PULMO,2023,84785.7585832085,70.7930594957283,4,23,Cabo Pulmo,0.453298440596188,0.654545289855073,86,31.2296,11.3478828664405,4.2597609661731,1.7498692097662,0.399517533096105,2023
BAJO_CABO_PULMO,2025,35309.5316983517,63.1989376372042,2,23,Cabo Pulmo,0.495517618678381,0.800197463768116,124,70.5154,10.4719082262559,4.14628749147362,0.873894569581609,0.545169707009148,2025
BARRA_PRIMERA,2009,26203.3310889865,25.4344803655851,4,23,Cabo Pulmo,0.519435426897558,0.43976268115942,64,35.0246,10.1736418224685,3.23610574816964,0.575628165794162,0.184734924400452,2009
BARRA_PRIMERA,2010,17861.544559027,20.6754622707441,4,23,Cabo Pulmo,-0.0739892306366885,-0.376922101449276,19,4.3091,9.79040533215966,3.02894759958334,0.192391675485327,-0.631949858208244,2010
BARRA_PRIMERA,2011,8076.5909476538,13.6866882774276,4,23,Cabo Pulmo,0.00620255018522805,0.74976268115942,66,23.9319,8.99672515006597,2.61642370188594,-0.601288506608363,0.494734924400452,2011
BARRA_PRIMERA,2012,8645.49129803845,16.3730145101585,4,23,Cabo Pulmo,-0.0544181960339596,0.0826431159420287,27,9.1107,9.06479322681359,2.79563452288175,-0.533220429860741,-0.172384640816939,2012
BARRA_PRIMERA,2013,12849.6241514329,15.624342959593,4,23,Cabo Pulmo,-0.405386490910662,-0.280400362318841,0,0,9.46106984097988,2.74883014415227,-0.136943815694455,-0.535428119077809,2013
BARRA_PRIMERA,2014,18321.9098635726,12.5653445080819,4,23,Cabo Pulmo,0.916832687171531,1.0377518115942,148,98.5037999999999,9.81585288298946,2.53094258869226,0.217839226315123,0.782724054835232,2014
BARRA_PRIMERA,2015,6639.61344541499,9.09304456600119,4,23,Cabo Pulmo,1.12154501593865,1.09095833333333,184,102.0522,8.8008090247239,2.20750978786464,-0.797204631950432,0.835930576574362,2015
BARRA_PRIMERA,2016,41093.3102726683,56.6714151060526,4,23,Cabo Pulmo,0.955144645496095,0.654980072463768,183,128.3095,10.623600620148,4.03726994086063,1.02558696347363,0.3999523157048,2016
BARRA_PRIMERA,2017,24676.4942164767,37.0921288825604,4,23,Cabo Pulmo,0.582668303609887,0.484653985507246,96,54.7904,10.1136064183538,3.61340478760466,0.515592761679494,0.229626228748278,2017
BARRA_PRIMERA,2018,8088.71559984483,13.3593872921174,4,23,Cabo Pulmo,0.447462824157831,0.478675724637681,72,36.555,8.99822523352297,2.59221930568838,-0.59978842315136,0.223647967878713,2018
BARRA_PRIMERA,2019,13879.5979189162,21.7631419107283,2,23,Cabo Pulmo,0.210723098130435,-0.125400362318841,32,10.1318,9.53817526526341,3.08021780084441,-0.0598383914109242,-0.380428119077809,2019
BARRA_PRIMERA,2021,17946.3447114438,25.6771987663572,4,23,Cabo Pulmo,0.621325837856463,0.920958333333332,95,64.8118,9.79514173593408,3.24560339056489,0.197128079259743,0.665930576574364,2021
BLEDITO,2009,33900.7616832895,32.5160809881913,4,23,Cabo Pulmo,0.519435426897558,0.43976268115942,64,35.0246,10.4311927616497,3.48173476659937,0.833179104975407,0.184734924400452,2009
BLEDITO,2010,31015.5287681259,24.3462195037556,4,23,Cabo Pulmo,-0.0739892306366885,-0.376922101449276,19,4.3091,10.3422432860488,3.19237658095578,0.744229629374461,-0.631949858208244,2010
BLEDITO,2011,4344.65428849847,9.23890426928937,4,23,Cabo Pulmo,0.00620255018522805,0.74976268115942,66,23.9319,8.37670146917116,2.22342329304702,-1.22131218750317,0.494734924400452,2011
BLEDITO,2012,22447.7661983384,37.3742626187888,4,23,Cabo Pulmo,-0.0544181960339596,0.0826431159420287,27,9.1107,10.0189463870322,3.62098230225305,0.420932730357897,-0.172384640816939,2012
BLEDITO,2013,9784.17362923163,17.983879417867,4,23,Cabo Pulmo,-0.405386490910662,-0.280400362318841,0,0,9.18852142345153,2.88947576872144,-0.409492233222798,-0.535428119077809,2013
BLEDITO,2014,8754.56051711758,14.302212439906,4,23,Cabo Pulmo,0.916832687171531,1.0377518115942,148,98.5037999999999,9.07733004552939,2.66041424137591,-0.520683611144941,0.782724054835232,2014
BLEDITO,2015,9243.60017219099,15.7184910575547,4,23,Cabo Pulmo,1.12154501593865,1.09095833333333,184,102.0522,9.13168671777505,2.75483779368868,-0.466326938899282,0.835930576574362,2015
BLEDITO,2016,51595.6521868783,54.8346875503439,4,23,Cabo Pulmo,0.955144645496095,0.654980072463768,183,128.3095,10.8511926879754,4.00432297819911,1.25317903130103,0.3999523157048,2016
BLEDITO,2017,47844.1755299131,69.0949372065094,4,23,Cabo Pulmo,0.582668303609887,0.484653985507246,96,54.7904,10.7757046659594,4.23548146045569,1.17769100928507,0.229626228748278,2017
BLEDITO,2018,13441.1663108427,18.2977529155427,4,23,Cabo Pulmo,0.447462824157831,0.478675724637681,72,36.555,9.50607738939261,2.90677826080749,-0.0919362672817226,0.223647967878713,2018
BLEDITO,2019,35038.9144164511,53.7905906398438,2,23,Cabo Pulmo,0.210723098130435,-0.125400362318841,32,10.1318,10.4642145633047,3.98509855670161,0.8662009066304,-0.380428119077809,2019
BLEDITO,2021,25800.9045916486,43.6413806670513,4,23,Cabo Pulmo,0.621325837856463,0.920958333333332,95,64.8118,10.1581648319869,3.77600579811453,0.560151175312535,0.665930576574364,2021
BLEDITO,2022,7979.62121149798,12.2438084478685,4,23,Cabo Pulmo,0.182942276212627,0.0410670289855068,52,24.5087,8.98464622208642,2.50502037638945,-0.613367434587913,-0.213960727773461,2022
BLEDITO,2025,13117.9745483789,10.5978443983969,4,23,Cabo Pulmo,0.495517618678381,0.800197463768116,124,70.5154,9.48173867164589,2.36065062179605,-0.116274985028443,0.545169707009148,2025
BURROS,2013,8810.24103068824,12.2603559630731,4,25,Corredor,-0.421454648057214,-0.313860507246387,7,1.9846,9.08367007731742,2.50637096459499,-0.514343579356916,-0.568888264005355,2013
BURROS,2014,18928.5541720665,21.2193917911698,4,25,Corredor,1.08240836564142,1.55874818840579,179,169.8133,9.84842686368827,3.05491547071898,0.250413207013938,1.30372043164682,2014
BURROS,2015,13932.2875524998,19.1135148044196,8,25,Corredor,1.43257274920306,1.59434601449274,247,210.0741,9.54196427098721,2.95039566621813,-0.0560493856871229,1.33931825773377,2015
BURROS,2016,11717.7842321581,11.8717018390164,8,25,Corredor,1.09011981690552,0.770759057971004,181,128.416,9.36886298656757,2.47415757147154,-0.229150670106762,0.515731301212036,2016
BURROS,2017,8370.93144746971,9.26144303619595,8,25,Corredor,0.559011105367443,0.534672101449265,95,51.0123,9.03252044133847,2.22585987195933,-0.565493215335861,0.279644344690297,2017
BURROS,2018,12254.8979572876,12.4168744119857,8,25,Corredor,0.341970009477032,0.297280797101439,49,21.7169,9.41368096930883,2.51905638718413,-0.184332687365503,0.0422530403424713,2018
BURROS,2019,9552.60879038482,9.62025933466719,7,25,Corredor,0.321011105367444,0.115052536231873,33,12.286,9.16456956793821,2.26387122217987,-0.433444088736126,-0.139975220527095,2019
BURROS,2023,11159.7484054719,9.64746959287874,7,25,Corredor,0.32629877660032,0.244019927536222,88,30.523,9.32006869136862,2.26669566261112,-0.277944965305714,-0.0110078292227457,2023
CABEZA_BALLENA_CSL,2009,5111.0692302541,6.00760117046986,4,23,Los Cabos,0.532061686913073,0.505793478260878,77,36.9149,8.53916390402072,1.79302552918079,-1.05884975265361,0.25076572150191,2009
CABEZA_BALLENA_CSL,2010,2243.66273836868,4.11377099201809,4,23,Los Cabos,-0.126897217196516,-0.414478260869557,28,11.1964,7.71586496050257,1.41434012415345,-1.88214869617177,-0.669506017628525,2010
CABEZA_BALLENA_CSL,2011,5128.99939987186,9.87369860521293,4,23,Los Cabos,0.0918151115706078,0.975086956521747,68,30.4166,8.54266587038241,2.28987451528866,-1.05534778629192,0.72005919976278,2011
CABEZA_BALLENA_CSL,2012,6567.19779923303,7.45246922886061,3,23,Los Cabos,-0.128290760215826,0.14198913043479,37,11.141,8.78984250591904,2.00854541759284,-0.808171150755294,-0.113038626324178,2012
CABEZA_BALLENA_CSL,2013,10284.6084867168,16.3031669989571,4,23,Los Cabos,-0.512952011717064,-0.579097826086948,0,0,9.23840373492759,2.79135938335455,-0.359609921746744,-0.834125582845916,2013
CABEZA_BALLENA_CSL,2014,13507.9953245452,22.4782035184903,4,23,Los Cabos,1.05967812526924,1.42492391304349,149,127.412,9.51103703538053,3.11254610717424,-0.0869766212938057,1.16989615628452,2014
CABEZA_BALLENA_CSL,2015,13496.4174869471,23.3099448483582,4,23,Los Cabos,1.39296579650211,1.4640543478261,237,109.369,9.51017955787207,3.14888008703707,-0.0878340988022668,1.20902659106713,2015
CABEZA_BALLENA_CSL,2016,14291.7643041499,12.7211074864572,4,23,Los Cabos,0.711190114101114,0.314978260869573,120,72.7031,9.56743872755405,2.54326262066728,-0.0305749291202861,0.0599505041106053,2016
CABEZA_BALLENA_CSL,2017,4231.14221873764,5.80111725654577,4,23,Los Cabos,0.274527440337731,0.333565217391313,54,26.5963,8.35022726365967,1.75805052944044,-1.24778639301466,0.0785374606323454,2017
CABEZA_BALLENA_CSL,2018,13713.0260193116,15.8899785146997,4,23,Los Cabos,0.486171275954169,0.241608695652183,79,46.0997,9.52610146441741,2.76568862842057,-0.0719121922569226,-0.0134190611067847,2018
CABEZA_BALLENA_CSL,2019,8013.87407143069,10.9762535085685,4,23,Los Cabos,0.101184974584306,-0.545782608695644,59,26.2004,8.98892957750022,2.39573416734295,-0.609084079174114,-0.800810365454612,2019
CABEZA_BALLENA_CSL,2021,31895.2578663332,68.5263469943901,5,23,Los Cabos,0.644472645817183,0.884489130434791,74,37.792,10.3702126214947,4.22721829897325,0.772198964820372,0.629461373675824,2021
CABEZA_BALLENA_CSL,2022,15956.7392143269,22.2789456009403,4,23,Los Cabos,0.242911001981566,-0.184097826086949,73,36.5132,9.67763654025043,3.10364208902631,0.0796228835760946,-0.439125582845917,2022
CANTILES_CABO_PULMO,1999,11015.6167678423,19.7629892113608,4,23,Cabo Pulmo,-0.37048238132162,-0.149259057971015,0,0,9.30706925111801,2.98381095675726,-0.290944405556322,-0.404286814729983,1999
CANTILES_CABO_PULMO,2009,45067.1426583637,48.5679378463408,8,23,Cabo Pulmo,0.519435426897558,0.43976268115942,64,35.0246,10.7159087158131,3.88296359810282,1.11789505913872,0.184734924400452,2009
CANTILES_CABO_PULMO,2010,76339.2522298159,79.4567191852,5,23,Cabo Pulmo,-0.0739892306366885,-0.376922101449276,19,4.3091,11.2429425309908,4.37521246064907,1.64492887431645,-0.631949858208244,2010
CANTILES_CABO_PULMO,2011,8547.90963418532,14.9085018041663,8,23,Cabo Pulmo,0.00620255018522805,0.74976268115942,66,23.9319,9.05344204480914,2.70193164110998,-0.544571611865189,0.494734924400452,2011
CANTILES_CABO_PULMO,2012,27370.2213859383,32.7615826280725,4,23,Cabo Pulmo,-0.0544181960339596,0.0826431159420287,27,9.1107,10.217210890637,3.48925656758821,0.61919723396262,-0.172384640816939,2012
CANTILES_CABO_PULMO,2013,6527.63322496236,9.37063092900863,4,23,Cabo Pulmo,-0.405386490910662,-0.280400362318841,0,0,8.78379971016391,2.23758042898969,-0.814213946510421,-0.535428119077809,2013
CANTILES_CABO_PULMO,2014,19803.3924519711,24.1460942465178,6,23,Cabo Pulmo,0.916832687171531,1.0377518115942,148,98.5037999999999,9.89360853796443,3.18412263809639,0.295594881290098,0.782724054835232,2014
CANTILES_CABO_PULMO,2016,12059.507258571,19.0329609664825,13,23,Cabo Pulmo,0.955144645496095,0.654980072463768,183,128.3095,9.39760861194823,2.94617226386986,-0.200405044726107,0.3999523157048,2016
CANTILES_CABO_PULMO,2017,9411.2272418872,29.2785402151443,4,23,Cabo Pulmo,0.582668303609887,0.484653985507246,96,54.7904,9.14965864297968,3.3768548318101,-0.448355013694654,0.229626228748278,2017
CANTILES_CABO_PULMO,2018,7248.99078129465,9.78641886980794,8,23,Cabo Pulmo,0.447462824157831,0.478675724637681,72,36.555,8.88861753557909,2.28099559491514,-0.709396121095239,0.223647967878713,2018
CANTILES_CABO_PULMO,2019,10969.1650196035,14.151954640726,6,23,Cabo Pulmo,0.210723098130435,-0.125400362318841,32,10.1318,9.30284343547754,2.64985275170297,-0.295170221196788,-0.380428119077809,2019
CANTILES_CABO_PULMO,2021,27501.0675833946,13.7553084236078,4,23,Cabo Pulmo,0.621325837856463,0.920958333333332,95,64.8118,10.2219801041155,2.6214248167793,0.623966447441154,0.665930576574364,2021
CANTILES_CABO_PULMO,2022,27070.7022477765,22.2136766076489,4,23,Cabo Pulmo,0.182942276212627,0.0410670289855068,52,24.5087,10.2062073241919,3.10070816259668,0.608193667517604,-0.213960727773461,2022
CANTILES_CABO_PULMO,2023,15138.8226820426,23.2717652874724,4,23,Cabo Pulmo,0.453298440596188,0.654545289855073,86,31.2296,9.62501776188344,3.14724083552294,0.0270041052091052,0.399517533096105,2023
CANTILES_GUADALUPE,2005,18888.7549704406,22.7911589579717,5,29,Alto Golfo,0.101283294563627,0.363652173913044,22,6.99610000000001,9.84632204887084,3.12637269575886,0.248308392196511,0.108624417154076,2005
CANTILES_GUADALUPE,2006,17819.4271504659,27.4836681431854,4,29,Alto Golfo,0.087803842508833,0.46316304347826,53,41.0698,9.78804455406959,3.31359194255021,0.190030897395257,0.208135286719292,2006
CANTILES_GUADALUPE,2007,14527.4646046477,12.4822424306742,4,29,Alto Golfo,-0.673237253381578,-0.915260869565217,0,0,9.58379624750834,2.52430702874546,-0.0142174091659903,-1.17028862632418,2007
CANTILES_GUADALUPE,2008,24382.8946763807,16.0930541665085,6,29,Alto Golfo,-0.284994827645459,-0.239608695652173,19,8.1468,10.1016371275861,2.77838776067351,0.503623470911773,-0.494636452411141,2008
CANTILES_GUADALUPE,2009,21341.703839305,12.0479159308187,9,29,Alto Golfo,0.0937216507280112,0.0274021739130438,25,10.4906,9.96841836418514,2.4888916931795,0.370404707510804,-0.227625582845924,2009
CANTILES_GUADALUPE,2010,17351.4890285195,14.153262574931,8,29,Alto Golfo,-0.552360541052811,-1.08178260869565,14,4.54480000000001,9.76143360466185,2.64994516817842,0.163419947987515,-1.33681036545462,2010
CANTILES_GUADALUPE,2023,8546.93737572987,7.80881329543773,8,29,Alto Golfo,-0.409894787628153,-0.564445652173912,7,0.989799999999999,9.05332829609224,2.05525300549956,-0.54468536058209,-0.81947340893288,2023
CANTIL_MEDIO,2000,25572.6226948631,20.3041729505352,2,23,Cabo Pulmo,-0.321412731553085,-0.103932971014493,17,8.32670000000001,10.1492776322418,3.01082642898812,0.551263975567427,-0.358960727773461,2000
CANTIL_MEDIO,2009,14545.2174604048,16.8321104740244,4,23,Cabo Pulmo,0.519435426897558,0.43976268115942,64,35.0246,9.58501752168758,2.82328839986696,-0.0129961349867518,0.184734924400452,2009
CANTIL_MEDIO,2011,3699.41426835245,11.8393764370607,8,23,Cabo Pulmo,0.00620255018522805,0.74976268115942,66,23.9319,8.21592978024993,2.47143096228017,-1.3820838764244,0.494734924400452,2011
CANTIL_MEDIO,2012,9729.62956062482,16.4318062767494,8,23,Cabo Pulmo,-0.0544181960339596,0.0826431159420287,27,9.1107,9.18293110257707,2.79921886372706,-0.415082554097264,-0.172384640816939,2012
CANTIL_MEDIO,2013,4697.08133317886,7.93328763686442,4,23,Cabo Pulmo,-0.405386490910662,-0.280400362318841,0,0,8.45469660186151,2.07106753193362,-1.14331705481283,-0.535428119077809,2013
CANTIL_MEDIO,2014,3820.93085516965,6.65813317738323,8,23,Cabo Pulmo,0.916832687171531,1.0377518115942,148,98.5037999999999,8.24824935127941,1.89583914156366,-1.34976430539492,0.782724054835232,2014
CANTIL_MEDIO,2015,5703.70434769103,8.38266600938717,8,23,Cabo Pulmo,1.12154501593865,1.09095833333333,184,102.0522,8.6488711282983,2.12616600344335,-0.949142528376033,0.835930576574362,2015
CANTIL_MEDIO,2016,24674.9011997917,49.9433848598529,4,23,Cabo Pulmo,0.955144645496095,0.654980072463768,183,128.3095,10.1135418602325,3.91089006108606,0.515528203558207,0.3999523157048,2016
CANTIL_MEDIO,2017,11515.8104077598,20.0073504388165,8,23,Cabo Pulmo,0.582668303609887,0.484653985507246,96,54.7904,9.35147618822035,2.99609972797517,-0.246537468453981,0.229626228748278,2017
CANTIL_MEDIO,2018,15104.324258138,16.8650238460647,8,23,Cabo Pulmo,0.447462824157831,0.478675724637681,72,36.555,9.62273635651673,2.82524188245063,0.0247226998424015,0.223647967878713,2018
CANTIL_MEDIO,2019,10461.4890625843,13.1933796029602,3,23,Cabo Pulmo,0.210723098130435,-0.125400362318841,32,10.1318,9.25545608528665,2.57971515854616,-0.34255757138768,-0.380428119077809,2019
CANTIL_MEDIO,2021,8831.84019988107,12.2447710968805,8,23,Cabo Pulmo,0.621325837856463,0.920958333333332,95,64.8118,9.08611867504262,2.50509899663042,-0.511894981631709,0.665930576574364,2021
CANTIL_MEDIO,2022,11256.986991082,15.9583054057169,8,23,Cabo Pulmo,0.182942276212627,0.0410670289855068,52,24.5087,9.32874428072492,2.76997940879776,-0.269269375949408,-0.213960727773461,2022
CANTIL_MEDIO,2023,7097.58540212136,13.1966426526535,4,23,Cabo Pulmo,0.453298440596188,0.654545289855073,86,31.2296,8.8675099209794,2.57996245274533,-0.730503735694933,0.399517533096105,2023
CARMEN_ABISMO,1998,23003.8474359233,24.2063076511855,5,26,Loreto,0.620696889807873,0.472239130434781,98,83.6082,10.0434167607443,3.18661324594338,0.44540310407,0.217211373675813,1998
CARMEN_ABISMO,1999,4795.25788991854,5.89523085169704,10,26,Loreto,-0.675851055397605,-0.584445652173915,0,0,8.47538276896169,1.7741436938158,-1.12263088771264,-0.839473408932883,1999
CARMEN_ABISMO,2000,19742.4254256736,12.3332801050071,4,26,Loreto,-0.287990445750421,-0.0517826086956547,34,12.8943,9.8905251740149,2.51230130815656,0.29251151734057,-0.306810365454622,2000
CARMEN_ABISMO,2001,16603.9503662724,16.4013279607301,5,26,Loreto,-0.703631877315412,-0.84901086956522,21,9.0091,9.71739591990517,2.79736230476725,0.119382263230841,-1.10403862632419,2001
CARMEN_ABISMO,2002,18050.422048113,19.4478953789456,5,26,Loreto,-0.595330507452399,-0.688304347826089,4,1.5501,9.80092434565459,2.96773885747167,0.202910688980259,-0.943332104585057,2002
CARMEN_ABISMO,2003,10828.7751408067,11.6436956914848,4,26,Loreto,-0.29719352115103,-0.541402173913046,24,10.7491,9.28996223487375,2.45476489117952,-0.308051421800583,-0.796429930672014,2003
CARMEN_ABISMO,2004,18858.536910786,18.534029945932,4,26,Loreto,-0.114957658865175,0.122184782608693,5,1.5757,9.84472097686786,2.91960849889277,0.246707320193524,-0.132842974150275,2004
CARMEN_ABISMO,2005,14842.9180720442,13.8920735107517,3,26,Loreto,-0.0632209184113041,-0.0802608695652198,34,11.5859,9.60527813297362,2.63131842645663,0.00726447629928728,-0.335288626324187,2005
CARMEN_ABISMO,2006,10390.2337702869,11.1311816331137,4,26,Loreto,0.231464013095546,0.646749999999998,56,26.3468,9.24862158338654,2.40975032614938,-0.349392073287792,0.39172224324103,2006
CARMEN_ABISMO,2007,20445.9300772223,19.1703626384623,4,26,Loreto,-0.562535986904454,-0.955043478260871,19,7.1924,9.92553912343545,2.95336547385632,0.327525466761122,-1.21007123501984,2007
CARMEN_ABISMO,2008,12439.4918869062,13.0164945689746,4,26,Loreto,-0.595995910231296,-0.475750000000002,18,6.9491,9.42863152035498,2.5662173661966,-0.169382136319351,-0.73077775675897,2008
CARMEN_ABISMO,2009,16559.4719086591,13.9278280142359,6,26,Loreto,0.200121547342121,0.236260869565216,39,31.9226,9.71471353785704,2.63388885418717,0.116699881182708,-0.0187668871937517,2009
CARMEN_ABISMO,2010,12897.5559120243,11.4619587245667,6,26,Loreto,-0.0251935211510298,-0.409554347826089,53,22.0192,9.46479310821499,2.43903361505577,-0.133220548459338,-0.664582104585057,2010
CARMEN_ABISMO,2011,7918.12474410763,12.7931730067829,8,26,Loreto,-0.234344206082536,0.437184782608694,53,27.8831,8.97690968203902,2.54891166979406,-0.621103974635309,0.182157025849726,2011
CARMEN_ABISMO,2012,8872.24085132392,10.9604197771064,8,26,Loreto,-0.126023232635668,0.103217391304345,40,26.6708,9.09068267601563,2.39429058161729,-0.507330980658699,-0.151810365454623,2012
CARMEN_ABISMO,2013,57466.4975091884,47.817178151613,7,26,Loreto,-0.122426397863358,0.373597826086954,53,33.6624,10.9589574049637,3.86738495049424,1.36094374828935,0.118570069327986,2013
CARMEN_ABISMO,2014,4086.40064203641,5.18779331955798,8,26,Loreto,0.967244835013354,1.22647826086956,152,157.7733,8.31541982295362,1.64630842748754,-1.28259383372071,0.971450504110592,2014
CARMEN_ABISMO,2015,9758.28209224879,10.6861716978045,8,26,Loreto,1.50612154734212,1.59191304347826,268,252.5073,9.18587164877621,2.36895054095325,-0.412142007898121,1.33688528671929,2015
CARMEN_ABISMO,2016,11583.1028067493,17.0759219573448,14,26,Loreto,1.24118988211843,0.974630434782606,209,181.4155,9.35730266055119,2.83766939857283,-0.24071099612314,0.719602678023638,2016
CARMEN_ABISMO,2017,12429.7268801166,21.8371924518205,8,26,Loreto,0.631710588438012,0.693652173913042,126,82.148,9.42784621162592,3.08361459187253,-0.170167445048417,0.438624417154074,2017
CARMEN_ABISMO,2018,20958.6749373958,31.730618649926,8,26,Loreto,0.207737985698286,0.21028260869565,41,22.126,9.9503079178009,3.45728210272385,0.352294261126568,-0.0447451480633177,2018
CARMEN_ABISMO,2019,25467.8565277295,44.6759430423008,8,26,Loreto,0.318751684328423,0.0500108695652151,25,6.8514,10.1451724076881,3.7994351697718,0.547158751013763,-0.205016887193753,2019
CARMEN_ABISMO,2021,18136.7944393092,21.8059177673916,8,26,Loreto,0.812368122684587,1.39109782608695,196,135.3782,9.80569799577744,3.082181390177,0.207684339103109,1.13607006932798,2021
CARMEN_ABISMO,2022,10458.2610237645,16.3019234176916,8,26,Loreto,0.296833876109245,0.124413043478259,44,17.5534,9.25514747367971,2.79128310193651,-0.342866182994621,-0.130614713280709,2022
CARMEN_ABISMO,2023,9293.6314888454,9.47627451689883,6,26,Loreto,0.358422917205135,0.333978260869563,79,44.063,9.13708465842256,2.24879125557921,-0.460928998251768,0.0789505041105953,2023
CARMEN_ABISMO,2025,32792.0018828082,44.7498030074321,11,26,Loreto,0.703600999396914,0.603869565217389,140,95.926,10.3979399196009,3.80108704264262,0.799926262926531,0.348841808458421,2025
CARMEN_PUNTA_LOBOS,1998,24713.7224299692,28.8789219012119,5,26,Loreto,0.631952761264753,0.558132246376814,106,88.3876,10.1151139323139,3.36311198303738,0.517100275639576,0.303104489617846,1998
CARMEN_PUNTA_LOBOS,1999,30865.0491214981,24.9381648582398,4,26,Loreto,-0.702951348324288,-0.577954710144925,0,0,10.3373797263219,3.21639935527673,0.739366069647558,-0.832982466903893,1999
CARMEN_PUNTA_LOBOS,2000,18408.1216641509,14.7414526237044,5,26,Loreto,-0.257022087758189,-0.0667047101449245,37,13.6153,9.82054724100187,2.6906634316819,0.222533584327532,-0.321732466903892,2000
CARMEN_PUNTA_LOBOS,2001,20595.448954549,25.3703222101926,5,26,Loreto,-0.645965046954425,-0.734856884057968,41,16.8927,9.93282540583379,3.23358007397172,0.33481174915946,-0.989884640816936,2001
CARMEN_PUNTA_LOBOS,2002,25672.5181356695,26.3553601075669,5,26,Loreto,-0.55744449900922,-0.673389492753621,10,3.871,10.1531763654962,3.27167167394241,0.555162708821843,-0.928417249512589,2002
CARMEN_PUNTA_LOBOS,2003,30440.2296089512,35.134726658852,4,26,Loreto,-0.266567786680452,-0.600780797101446,29,14.9455,10.3235203549482,3.55919000487438,0.725506698273867,-0.855808553860414,2003
CARMEN_PUNTA_LOBOS,2004,26539.8901869244,30.7969983642761,4,26,Loreto,-0.0798636178128338,0.141012681159423,27,4.80979999999999,10.1864041702335,3.42741722952509,0.588390513559162,-0.114015075599545,2004
CARMEN_PUNTA_LOBOS,2005,13656.5353590056,21.7560287752891,5,26,Loreto,-0.0107869647626448,0.0925887681159442,32,14.4139,9.52197346691364,3.07989090419677,-0.0760401897606879,-0.162438988643023,2005
CARMEN_PUNTA_LOBOS,2006,56582.4858604277,34.8418440222824,4,26,Loreto,0.275678788662013,0.687371376811596,62,30.3058,10.9434547792108,3.55081907889256,1.34544112253649,0.432343620052628,2006
CARMEN_PUNTA_LOBOS,2007,22798.9657363352,25.8751367587057,4,26,Loreto,-0.592595183940726,-0.973769927536229,5,1.5563,10.0344704514722,3.25328253693217,0.436456794797854,-1.2287976842952,2007
CARMEN_PUNTA_LOBOS,2009,69842.8190627392,35.4562279997093,4,26,Loreto,0.152747281812699,0.0841648550724665,33,28.6255,11.1540025542856,3.56829892160136,1.55598889761128,-0.170862901686501,2009
CARMEN_PUNTA_LOBOS,2010,43121.1712662154,26.6997243916285,4,26,Loreto,-0.187608882570864,-0.579150362318839,29,12.7418,10.6717693681596,3.28465324294201,1.07375571148527,-0.834178119077807,2010
CARMEN_PUNTA_LOBOS,2011,11061.2204485496,14.5373588472784,4,26,Loreto,-0.237992444214699,0.496610507246379,52,29.0193,9.31120061695856,2.67672180823812,-0.286813039715769,0.241582750487411,2011
CARMEN_PUNTA_LOBOS,2012,6189.16241248993,11.1163418950649,4,26,Loreto,-0.140847224370211,-0.0257807971014474,49,26.8661,8.73055504351654,2.40841626843002,-0.867458613157794,-0.280808553860415,2012
CARMEN_PUNTA_LOBOS,2013,49857.4146772376,36.4191960071635,4,26,Loreto,-0.0709239510640134,0.483403985507249,48,37.6171,10.8169225040934,3.59509599846995,1.21890884741903,0.228376228748281,2013
CARMEN_PUNTA_LOBOS,2014,8019.79698409021,12.8143301262648,4,26,Loreto,0.913459610579822,1.1256865942029,150,139.3917,8.9896683868357,2.5505640858212,-0.608345269838633,0.870658837443932,2014
CARMEN_PUNTA_LOBOS,2015,40649.4272592805,58.4340872762231,4,26,Loreto,1.45151440510037,1.44269746376812,270,234.3378,10.6127400253141,4.06789940579232,1.01472636863977,1.18766970700915,2015
CARMEN_PUNTA_LOBOS,2016,22291.3774869037,32.371503262423,4,26,Loreto,1.25795058983744,1.06840398550725,236,193.4723,10.0119552228959,3.4772785068482,0.413941566221608,0.813376228748282,2016
CARMEN_PUNTA_LOBOS,2017,23751.2043394785,29.6230098855092,4,26,Loreto,0.551377418799,0.58356702898551,119,71.221,10.0753885172078,3.38855142033838,0.477374860533468,0.328539272226542,2017
CARMEN_PUNTA_LOBOS,2018,16129.7760860614,26.3634394053316,4,26,Loreto,0.235843172223657,0.344925724637684,53,25.7037,9.68842228919162,3.27197817932199,0.0904086325172866,0.0898979678787164,2018
CARMEN_PUNTA_LOBOS,2019,15023.7000921591,20.0222453892664,4,26,Loreto,0.332911665374342,0.182914855072466,38,16.1183,9.61738423933181,2.99684392490393,0.0193705826574746,-0.0721129016865017,2019
CARMEN_PUNTA_LOBOS,2023,5661.03134577115,7.75352719860572,4,26,Loreto,0.415048651675712,0.458893115942031,86,42.5841,8.64136137116515,2.04814786222921,-0.956652285509186,0.203865359183063,2023
CARMEN_PUNTA_PERICO,1998,23948.4118061847,25.2103015079306,5,26,Loreto,0.620696889807873,0.472239130434781,98,83.6082,10.0836572877461,3.22725270098276,0.485643631071765,0.217211373675813,1998
CARMEN_PUNTA_PERICO,1999,21421.6650144852,23.3358498697491,3,26,Loreto,-0.675851055397605,-0.584445652173915,0,0,9.97215807274947,3.14999079912636,0.374144416075133,-0.839473408932883,1999
CARMEN_PUNTA_PERICO,2000,11093.8738502751,13.7193796117074,6,26,Loreto,-0.287990445750421,-0.0517826086956547,34,12.8943,9.31414832956397,2.6188094034698,-0.283865327110362,-0.306810365454622,2000
CARMEN_PUNTA_PERICO,2001,13623.9104163664,12.5129515730627,5,26,Loreto,-0.703631877315412,-0.84901086956522,21,9.0091,9.51958164689272,2.52676423374538,-0.0784320097816131,-1.10403862632419,2001
CARMEN_PUNTA_PERICO,2002,176080.184469327,95.6617916217111,4,26,Loreto,-0.595330507452399,-0.688304347826089,4,1.5501,12.0786947638448,4.560818967135,2.48068110717044,-0.943332104585057,2002
CARMEN_PUNTA_PERICO,2003,6808.08930312316,11.9930031120618,4,26,Loreto,-0.29719352115103,-0.541402173913046,24,10.7491,8.8258667875472,2.4843234057394,-0.772146869127138,-0.796429930672014,2003
CARMEN_PUNTA_PERICO,2004,12848.4067836922,16.3399951894734,4,26,Loreto,-0.114957658865175,0.122184782608693,5,1.5757,9.46097509693161,2.79361579502994,-0.137038559742718,-0.132842974150275,2004
CARMEN_PUNTA_PERICO,2005,17017.7597232868,22.9741151667874,3,26,Loreto,-0.0632209184113041,-0.0802608695652198,34,11.5859,9.74201276733502,3.13436815462905,0.143999110660692,-0.335288626324187,2005
CARMEN_PUNTA_PERICO,2006,27705.1764201891,25.3082182198168,4,26,Loreto,0.231464013095546,0.646749999999998,56,26.3468,10.2293745490916,3.23112917381016,0.631360892417314,0.39172224324103,2006
CARMEN_PUNTA_PERICO,2007,10351.3842106688,12.6592022882022,4,26,Loreto,-0.562535986904454,-0.955043478260871,19,7.1924,9.24487552991233,2.53838440432022,-0.353138126761998,-1.21007123501984,2007
CARMEN_PUNTA_PERICO,2008,25855.064596498,24.5463552261564,4,26,Loreto,-0.595995910231296,-0.475750000000002,18,6.9491,10.1602617832414,3.20056337992575,0.562248126567022,-0.73077775675897,2008
CARMEN_PUNTA_PERICO,2009,33828.007351354,34.0206535196341,2,26,Loreto,0.200121547342121,0.236260869565216,39,31.9226,10.4290443582177,3.526967796649,0.831030701543412,-0.0187668871937517,2009
CARMEN_PUNTA_PERICO,2010,41382.4651062844,36.8756546466287,4,26,Loreto,-0.0251935211510298,-0.409554347826089,53,22.0192,10.6306125219342,3.60755156763131,1.03259886525984,-0.664582104585057,2010
CARMEN_PUNTA_PERICO,2011,2788.43264305241,5.61046715692758,4,26,Loreto,-0.234344206082536,0.437184782608694,53,27.8831,7.93323494027605,1.72463398824727,-1.66477871639829,0.182157025849726,2011
CARMEN_PUNTA_PERICO,2012,4432.72724923959,8.21672773873922,4,26,Loreto,-0.126023232635668,0.103217391304345,40,26.6708,8.39677030549814,2.10617204449957,-1.20124335117619,-0.151810365454623,2012
CARMEN_PUNTA_PERICO,2013,16467.1498518199,19.9329173639552,4,26,Loreto,-0.122426397863358,0.373597826086954,53,33.6624,9.70912275730533,2.99237250404174,0.111109100630999,0.118570069327986,2013
CARMEN_PUNTA_PERICO,2014,1728.31028979828,4.03931413292553,4,26,Loreto,0.967244835013354,1.22647826086956,152,157.7733,7.45489949909947,1.39607490848282,-2.14311415757486,0.971450504110592,2014
CARMEN_PUNTA_PERICO,2015,11221.6666957869,16.0050076360338,4,26,Loreto,1.50612154734212,1.59191304347826,268,252.5073,9.32560171490627,2.77290165052473,-0.272411941768063,1.33688528671929,2015
CARMEN_PUNTA_PERICO,2016,8737.52965375321,18.8376726456638,4,26,Loreto,1.24118988211843,0.974630434782606,209,181.4155,9.07538278038503,2.93585872890936,-0.522630876289304,0.719602678023638,2016
CARMEN_PUNTA_PERICO,2017,17522.4889877612,18.2339610618317,4,26,Loreto,0.631710588438012,0.693652173913042,126,82.148,9.77124041991152,2.90328584768998,0.173226763237183,0.438624417154074,2017
CARMEN_PUNTA_PERICO,2018,9432.94239331478,16.9222922507362,4,26,Loreto,0.207737985698286,0.21028260869565,41,22.126,9.15196335169967,2.82863182081389,-0.446050304974667,-0.0447451480633177,2018
CARMEN_PUNTA_PERICO,2019,2843.78250842127,5.55669583793102,4,26,Loreto,0.318751684328423,0.0500108695652151,25,6.8514,7.95289031416668,1.71500365785844,-1.64512334250766,-0.205016887193753,2019
CARMEN_PUNTA_PERICO,2023,2229.49764573455,3.12536550426783,4,26,Loreto,0.358422917205135,0.333978260869563,79,44.063,7.7095315681058,1.13955123771462,-1.88848208856854,0.0789505041105953,2023
CARMEN_TINTORERA,1998,20005.0015545812,26.0545853912791,5,26,Loreto,0.631952761264753,0.558132246376814,106,88.3876,9.90373759900096,3.26019377540705,0.305723942326631,0.303104489617846,1998
CARMEN_TINTORERA,2000,39823.4536880656,30.0435231161229,6,26,Loreto,-0.257022087758189,-0.0667047101449245,37,13.6153,10.592211306355,3.40264710084873,0.994197649680689,-0.321732466903892,2000
CARMEN_TINTORERA,2001,61402.8705852498,40.8733492133764,5,26,Loreto,-0.645965046954425,-0.734856884057968,41,16.8927,11.0252118652451,3.71047824218478,1.42719820857082,-0.989884640816936,2001
CARMEN_TINTORERA,2002,21360.2717176729,21.9762141749931,5,26,Loreto,-0.55744449900922,-0.673389492753621,10,3.871,9.96928801385806,3.08996069460429,0.371274357183724,-0.928417249512589,2002
CARMEN_TINTORERA,2003,14516.1406652194,23.5405083766583,4,26,Loreto,-0.266567786680452,-0.600780797101446,29,14.9455,9.58301645864282,3.15872269788858,-0.0149971980315176,-0.855808553860414,2003
CARMEN_TINTORERA,2004,16472.1093178625,22.6905466702104,4,26,Loreto,-0.0798636178128338,0.141012681159423,27,4.80979999999999,9.70942388527269,3.1219483915033,0.111410228598359,-0.114015075599545,2004
CARMEN_TINTORERA,2005,9353.295365581,11.9758675728822,4,26,Loreto,-0.0107869647626448,0.0925887681159442,32,14.4139,9.14348400570509,2.48289358934763,-0.454529650969247,-0.162438988643023,2005
CARMEN_TINTORERA,2006,25234.830737032,23.9723637617846,3,26,Loreto,0.275678788662013,0.687371376811596,62,30.3058,10.1359804912834,3.17690165692535,0.537966834609019,0.432343620052628,2006
CARMEN_TINTORERA,2007,12370.9965186901,26.0255800741222,4,26,Loreto,-0.592595183940726,-0.973769927536229,5,1.5563,9.42311002145386,3.25907990336396,-0.174903635220476,-1.2287976842952,2007
CARMEN_TINTORERA,2008,19465.9023126886,20.0366996760377,4,26,Loreto,-0.657513891036877,-0.660672101449273,10,4.6039,9.87641961461818,2.99756557582984,0.27840595794385,-0.915699858208241,2008
CARMEN_TINTORERA,2009,20818.3715338837,18.4116131342851,4,26,Loreto,0.152747281812699,0.0841648550724665,33,28.6255,9.9435911226778,2.91298161412688,0.345577466003464,-0.170862901686501,2009
CARMEN_TINTORERA,2010,23980.1111724837,19.5928597809625,5,26,Loreto,-0.187608882570864,-0.579150362318839,29,12.7418,10.084980064621,2.97516520297457,0.486966407946621,-0.834178119077807,2010
CARMEN_TINTORERA,2011,3071.35032766599,4.86729649773165,4,26,Loreto,-0.237992444214699,0.496610507246379,52,29.0193,8.02987259002255,1.5825386490146,-1.56814106665178,0.241582750487411,2011
CARMEN_TINTORERA,2012,4756.18475674215,8.22158459945747,4,26,Loreto,-0.140847224370211,-0.0257807971014474,49,26.8661,8.46720110414238,2.10676296414626,-1.13081255253195,-0.280808553860415,2012
CARMEN_TINTORERA,2013,38533.3266427495,45.0514064248279,4,26,Loreto,-0.0709239510640134,0.483403985507249,48,37.6171,10.5592787729212,3.80780420276411,0.961265116246887,0.228376228748281,2013
CARMEN_TINTORERA,2014,1711.66581271383,3.17410676438402,4,26,Loreto,0.913459610579822,1.1256865942029,150,139.3917,7.44522233479306,1.15502625871053,-2.15279132188128,0.870658837443932,2014
CARMEN_TINTORERA,2015,10626.262587184,12.0603525239563,4,26,Loreto,1.45151440510037,1.44269746376812,270,234.3378,9.27108381846765,2.48992342171397,-0.326929838206684,1.18766970700915,2015
CARMEN_TINTORERA,2016,16803.5146701355,27.6916814081244,4,26,Loreto,1.25795058983744,1.06840398550725,236,193.4723,9.7293433500664,3.32113205791515,0.131329693392063,0.813376228748282,2016
CARMEN_TINTORERA,2017,10002.9281130881,11.7541551801924,4,26,Loreto,0.551377418799,0.58356702898551,119,71.221,9.21063314042413,2.46420681043378,-0.387380516250202,0.328539272226542,2017
CARMEN_TINTORERA,2018,17372.0530952694,26.2896676467436,4,26,Loreto,0.235843172223657,0.344925724637684,53,25.7037,9.7626180500206,3.26917599684916,0.164604393346268,0.0898979678787164,2018
CARMEN_TINTORERA,2019,14706.7987254077,24.1192019296901,4,26,Loreto,0.332911665374342,0.182914855072466,38,16.1183,9.59606516417449,3.18300828381946,-0.00194849249983875,-0.0721129016865017,2019
CARMEN_TINTORERA,2023,2939.91386724505,5.53542223243745,4,26,Loreto,0.415048651675712,0.458893115942031,86,42.5841,7.98613556304814,1.71116784734099,-1.61187809362619,0.203865359183063,2023
CASITAS,2009,35614.66399388,56.132172984103,8,23,Cabo Pulmo,0.519435426897558,0.43976268115942,64,35.0246,10.480512741969,4.02770914162188,0.882499085294628,0.184734924400452,2009
CASITAS,2010,14441.6091607472,18.4365734347797,6,23,Cabo Pulmo,-0.0739892306366885,-0.376922101449276,19,4.3091,9.57786884396297,2.91433637845241,-0.0201448127113615,-0.631949858208244,2010
CASITAS,2011,6560.39257187709,13.9621275639923,8,23,Cabo Pulmo,0.00620255018522805,0.74976268115942,66,23.9319,8.78880572342154,2.63634849001931,-0.80920793325279,0.494734924400452,2011
CASITAS,2012,17164.9835672164,27.855570921066,8,23,Cabo Pulmo,-0.0544181960339596,0.0826431159420287,27,9.1107,9.75062674854886,3.32703297944173,0.152613091874528,-0.172384640816939,2012
CASITAS,2013,5014.05646395368,7.96142267885285,8,23,Cabo Pulmo,-0.405386490910662,-0.280400362318841,0,0,8.52000053991404,2.07460771238536,-1.07801311676029,-0.535428119077809,2013
CASITAS,2014,10174.4354914442,13.9522736568075,8,23,Cabo Pulmo,0.916832687171531,1.0377518115942,148,98.5037999999999,9.22763352881538,2.63564248113765,-0.370380127858953,0.782724054835232,2014
CASITAS,2015,11519.4861157462,12.8209668098218,8,23,Cabo Pulmo,1.12154501593865,1.09095833333333,184,102.0522,9.35179532524677,2.55108186283168,-0.24621833142756,0.835930576574362,2015
CASITAS,2016,49352.3383252177,62.8102982205954,8,23,Cabo Pulmo,0.955144645496095,0.654980072463768,183,128.3095,10.8067404262157,4.14011904443457,1.20872676954133,0.3999523157048,2016
CASITAS,2017,9826.29902327189,14.1706362510636,8,23,Cabo Pulmo,0.582668303609887,0.484653985507246,96,54.7904,9.19281764410678,2.65117195396934,-0.405196012567552,0.229626228748278,2017
CASITAS,2018,25429.1002262186,28.8632682918374,8,23,Cabo Pulmo,0.447462824157831,0.478675724637681,72,36.555,10.1436494754158,3.36256979335925,0.545635818741447,0.223647967878713,2018
CASITAS,2019,17231.34923948,25.9997852745462,4,23,Cabo Pulmo,0.210723098130435,-0.125400362318841,32,10.1318,9.75448563402893,3.25808827931608,0.156471977354601,-0.380428119077809,2019
CASITAS,2021,8619.86887660799,14.9413778955957,8,23,Cabo Pulmo,0.621325837856463,0.920958333333332,95,64.8118,9.06182515201165,2.70413440407274,-0.536188504662686,0.665930576574364,2021
CASITAS,2022,8661.8855524758,10.9440203427165,8,23,Cabo Pulmo,0.182942276212627,0.0410670289855068,52,24.5087,9.06668770908925,2.39279321967931,-0.531325947585085,-0.213960727773461,2022
CASITAS,2023,16825.0423477385,21.6377495660044,6,23,Cabo Pulmo,0.453298440596188,0.654545289855073,86,31.2296,9.73062367146301,3.07443945439327,0.132610014788682,0.399517533096105,2023
CERRALVO_BALISA,2013,5684.86973968401,7.04828935226053,4,24,La Ventana,-0.361976247092277,-0.193791666666676,0,0,8.64556349293779,1.95278494231167,-0.952450163736547,-0.448819423425644,2013
CERRALVO_BALISA,2014,7582.55289607311,11.0010361545966,8,24,La Ventana,0.88648950633238,1.00751268115941,167,118.8703,8.93360521561135,2.39798946423464,-0.664408441062983,0.752484924400442,2014
CERRALVO_BALISA,2015,25328.3192475217,27.5182303602741,4,24,La Ventana,1.1685716981132,1.15294746376811,203,146.014,10.1396783865708,3.31484870722846,0.541664729896468,0.897919707009143,2015
CERRALVO_BALISA,2016,12365.2480992996,13.2849578904543,2,24,La Ventana,0.995942371636246,0.515610507246367,177,129.1445,9.42264524439633,2.58663240950064,-0.175368412278004,0.260582750487399,2016
CERRALVO_BALISA,2017,17574.8292701009,22.050458910246,4,24,La Ventana,0.483092246058408,0.392838768115933,97,41.256,9.77422300227042,3.09333341393234,0.17620934559609,0.137811011356965,2017
CERRALVO_BALISA,2018,19596.3973336674,26.4813109673588,8,24,La Ventana,0.227201835099503,0.207240942028976,32,14.9732,9.88310101881681,3.2764392376741,0.285087362142473,-0.0477868147299917,2018
CERRALVO_CARPINTERO,1999,14280.3346130821,14.590486367934,9,24,La Ventana,-0.261661712759534,-0.0171684782608555,0,0,9.56663866790771,2.68036969768394,-0.0313749887666237,-0.272196235019823,1999
CERRALVO_CARPINTERO,2009,30057.3238491242,22.6814394358435,7,24,La Ventana,0.143762944774712,0.129788043478274,25,13.4052,10.3108616323686,3.12154694403446,0.712847975694253,-0.125239713280694,2009
CERRALVO_CARPINTERO,2013,9775.82214741735,7.09071826506268,5,24,La Ventana,-0.323469931937616,-0.124396739130421,5,3.4557,9.18766748846943,1.95878664219179,-0.410346168204903,-0.379424495889389,2013
CERRALVO_CARPINTERO,2014,88714.2044803812,147.238641668879,6,24,La Ventana,0.875488972171973,1.03120108695654,155,109.2951,11.3931752961798,4.9920546831822,1.79516163950547,0.776173330197572,2014
CERRALVO_CARPINTERO,2015,19416.2379903959,24.7170701726643,6,24,La Ventana,1.1775711639528,1.15429891304349,224,150.5875,9.87386500476827,3.20749410504209,0.275851348093935,0.899271156284522,2015
CERRALVO_CARPINTERO,2016,17714.5776550025,13.8541758101005,3,24,La Ventana,0.943932224542056,0.456690217391318,173,123.5737,9.78214317592039,2.62858668972493,0.184129519246058,0.20166246063235,2016
CERRALVO_CARPINTERO,2017,18085.3062026511,12.047415735775,4,24,La Ventana,0.441653355733617,0.307016304347839,77,32.0031,9.80285507554787,2.48885017517504,0.204841418873542,0.0519885475888713,2017
CERRALVO_CARPINTERO,2018,29193.8937359999,30.943705360655,4,24,La Ventana,0.241872533815808,0.237505434782622,33,17.2901,10.2817148477579,3.43216959753007,0.68370119108355,-0.0175223219763457,2018
CERRALVO_CARPINTERO,2023,13150.683736177,11.1755680469022,5,24,La Ventana,0.217543766692521,0.156146739130449,71,27.9759,9.48422903140075,2.41372997114529,-0.113784625273581,-0.0988810176285187,2023
CERRALVO_NORTE,2009,19072.114876368,11.1919028930216,6,24,La Ventana,0.143762944774712,0.129788043478274,25,13.4052,9.85598259314643,2.41519056086214,0.2579689364721,-0.125239713280694,2009
CERRALVO_NORTE,2013,7553.88910991677,7.72291788949183,7,24,La Ventana,-0.323469931937616,-0.124396739130421,5,3.4557,8.92981782351371,2.044192257586,-0.668195833160622,-0.379424495889389,2013
CERRALVO_NORTE,2014,14659.4702315378,12.7432100999364,8,24,La Ventana,0.875488972171973,1.03120108695654,155,109.2951,9.59284183778481,2.54499858857256,-0.00517181888952578,0.776173330197572,2014
CERRALVO_NORTE,2015,10975.1810309635,12.5122501533948,8,24,La Ventana,1.1775711639528,1.15429891304349,224,150.5875,9.30339173265595,2.52670817668133,-0.294621924018387,0.899271156284522,2015
CERRALVO_NORTE,2016,16270.2297029709,18.8042300901975,3,24,La Ventana,0.943932224542056,0.456690217391318,173,123.5737,9.69709231830463,2.93408184932386,0.0990786616302959,0.20166246063235,2016
CERRALVO_NORTE,2017,15166.5627672554,25.2418876912388,7,24,La Ventana,0.441653355733617,0.307016304347839,77,32.0031,9.62684846573683,3.22850482454514,0.0288348090625021,0.0519885475888713,2017
CERRALVO_NORTE,2018,15388.0497766035,18.059317708193,7,24,La Ventana,0.241872533815808,0.237505434782622,33,17.2901,9.64134649863453,2.89366176810537,0.0433328419601988,-0.0175223219763457,2018
CERRALVO_REINA,1999,9824.25075892825,9.63671636396486,6,24,La Ventana,-0.261661712759534,-0.0171684782608555,0,0,9.19260917519637,2.26558042445147,-0.405404481477966,-0.272196235019823,1999
CERRALVO_REINA,2013,22852.2658736805,35.7722131471012,7,24,La Ventana,-0.323469931937616,-0.124396739130421,5,3.4557,10.036805554368,3.5771714229561,0.438791897693642,-0.379424495889389,2013
CERRALVO_REINA,2014,7514.8439896889,8.17969590116128,6,24,La Ventana,0.875488972171973,1.03120108695654,155,109.2951,8.92463554211648,2.10165497402646,-0.673378114557849,0.776173330197572,2014
CERRALVO_REINA,2015,10759.0524224419,15.5067712014127,7,24,La Ventana,1.1775711639528,1.15429891304349,224,150.5875,9.28350276500902,2.74127678023732,-0.314510891665311,0.899271156284522,2015
CERRALVO_REINA,2016,15873.3296976622,29.7198513417421,4,24,La Ventana,0.943932224542056,0.456690217391318,173,123.5737,9.67239560233002,3.39181521787682,0.0743819456556878,0.20166246063235,2016
CERRALVO_REINA,2017,15050.490982345,16.7736699306515,8,24,La Ventana,0.441653355733617,0.307016304347839,77,32.0031,9.61916589305652,2.81981039093041,0.0211522363821857,0.0519885475888713,2017
CERRALVO_REINA,2018,14537.1084157484,24.8729379721041,8,24,La Ventana,0.241872533815808,0.237505434782622,33,17.2901,9.58445986031613,3.21378038401482,-0.0135537963582024,-0.0175223219763457,2018
CERRALVO_REINA,2023,14854.0741229251,12.1088908775152,2,24,La Ventana,0.217543766692521,0.156146739130449,71,27.9759,9.60602945831542,2.49393996604736,0.00801580164108806,-0.0988810176285187,2023
CERRALVO_SUR_BAJO,2013,30864.7800283563,11.9230115633496,4,24,La Ventana,-0.361976247092277,-0.193791666666676,0,0,10.3373710079066,2.47847027765911,0.739357351232311,-0.448819423425644,2013
CERRALVO_SUR_BAJO,2014,3447.00110899182,4.78620549254886,4,24,La Ventana,0.88648950633238,1.00751268115941,167,118.8703,8.14525988824348,1.56573792474265,-1.45275376843085,0.752484924400442,2014
CERRALVO_SUR_BAJO,2015,5668.63840061941,10.2267071877936,4,24,La Ventana,1.1685716981132,1.15294746376811,203,146.014,8.6427042268991,2.32500265012364,-0.955309429775228,0.897919707009143,2015
CERRALVO_SUR_BAJO,2016,4392.39240148579,4.21707246486855,2,24,La Ventana,0.995942371636246,0.515610507246367,177,129.1445,8.38762932379897,1.43914115860268,-1.21038433287537,0.260582750487399,2016
CERRALVO_SUR_BAJO,2017,3888.56407095747,4.11572731325983,4,24,La Ventana,0.483092246058408,0.392838768115933,97,41.256,8.26579523503602,1.41481556535436,-1.33221842163831,0.137811011356965,2017
CERRALVO_SUR_BAJO,2018,22971.1938325783,25.1577174401521,4,24,La Ventana,0.227201835099503,0.207240942028976,32,14.9732,10.0419962678884,3.22516470594221,0.443982611214102,-0.0477868147299917,2018
CHILENO,2009,9841.15817447556,10.8751322292021,8,23,Los Cabos,0.532061686913073,0.505793478260878,77,36.9149,9.19432868377821,2.38647873590792,-0.403684972896127,0.25076572150191,2009
CHILENO,2010,6457.05726769921,11.0435291049026,8,23,Los Cabos,-0.126897217196516,-0.414478260869557,28,11.1964,8.77292896167483,2.40184465506603,-0.825084694999505,-0.669506017628525,2010
CHILENO,2011,4171.40508831916,8.35424599405552,8,23,Los Cabos,0.0918151115706078,0.975086956521747,68,30.4166,8.33600820967268,2.12276991190139,-1.26200544700165,0.72005919976278,2011
CHILENO,2012,6176.27752464055,9.58608697699178,8,23,Los Cabos,-0.128290760215826,0.14198913043479,37,11.141,8.72847102667957,2.26031277403153,-0.869542629994767,-0.113038626324178,2012
CHILENO,2013,10636.0185970874,17.8011556611408,8,23,Los Cabos,-0.512952011717064,-0.579097826086948,0,0,9.27200150086528,2.87926337997371,-0.326012155809055,-0.834125582845916,2013
CHILENO,2014,20035.3632731531,32.2062585317622,7,23,Los Cabos,1.05967812526924,1.42492391304349,149,127.412,9.90525415483265,3.4721607980045,0.307240498158315,1.16989615628452,2014
CHILENO,2015,8076.63412513168,11.0586966428259,7,23,Los Cabos,1.39296579650211,1.4640543478261,237,109.369,8.99673049605449,2.40321714492089,-0.601283160619847,1.20902659106713,2015
CHILENO,2016,38754.3669771727,63.355886523433,9,23,Los Cabos,0.711190114101114,0.314978260869573,120,72.7031,10.5649987246169,4.14876782310433,0.966985067942524,0.0599505041106053,2016
CHILENO,2017,8115.17235168332,19.245294773219,8,23,Los Cabos,0.274527440337731,0.333565217391313,54,26.5963,9.00149071837791,2.95726660349131,-0.596522938296426,0.0785374606323454,2017
CHILENO,2018,10555.8811995736,11.0086359494756,8,23,Los Cabos,0.486171275954169,0.241608695652183,79,46.0997,9.26443844325652,2.39868005109527,-0.333575213417817,-0.0134190611067847,2018
CHILENO,2019,9240.96877588931,12.5802702855657,8,23,Los Cabos,0.101184974584306,-0.545782608695644,59,26.2004,9.13140200501525,2.53212973638058,-0.466611651659081,-0.800810365454612,2019
CHILENO,2021,35518.0787868883,43.0520278438026,9,23,Los Cabos,0.644472645817183,0.884489130434791,74,37.792,10.4777971074363,3.76240933415002,0.879783450761982,0.629461373675824,2021
CHILENO,2022,9518.6752316421,14.9515572773781,8,23,Los Cabos,0.242911001981566,-0.184097826086949,73,36.5132,9.16101096176215,2.70481546012273,-0.437002694912179,-0.439125582845917,2022
CHOROS,2006,22460.0648739892,26.710362471539,6,29,Alto Golfo,0.245129473593529,0.753909420289868,56,49.4293,10.0194941167116,3.28505159766023,0.421480460037314,0.4988816635309,2006
CHOROS,2007,14054.7010701761,12.2209311449962,4,29,Alto Golfo,-0.810267786680445,-1.17522101449274,0,0,9.55071221453929,2.50315014928535,-0.0473014421350388,-1.43024877125171,2007
CHOROS,2008,12780.2751706644,7.32712005335825,8,29,Alto Golfo,-0.488063412894792,-0.353916666666654,16,9.27529999999999,9.45565825905062,1.99158254010682,-0.142355397623712,-0.608944423425622,2008
CHOROS,2009,7249.40140393367,5.50074101387981,8,29,Alto Golfo,-0.0244047729818141,-0.202177536231871,7,4.50249999999999,8.88867417946538,1.70488281295951,-0.709339477208953,-0.457205292990839,2009
CHOROS,2010,11973.4038485562,10.2744608982122,8,29,Alto Golfo,-0.450760937365376,-1.05435144927535,7,2.0296,9.39044312308672,2.32966129167856,-0.207570533587617,-1.30937920603432,2010
CHOROS,2023,5221.33970411048,4.62326362508229,6,29,Alto Golfo,-0.374569156543458,-0.771144927536219,25,7.24229999999999,8.56050929624517,1.53110086805736,-1.03750436042916,-1.02617268429519,2023
CORONADITO,2005,9020.08377993431,16.1780292671623,5,29,Alto Golfo,0.141989411561987,0.370175724637678,16,7.6135,9.10720890125459,2.78365410366585,-0.490804755419743,0.11514796787871,2005
CORONADITO,2006,16505.3196888715,17.5469298869871,4,29,Alto Golfo,0.126400370466097,0.51120833333333,50,37.1231,9.71143801331338,2.86487899939451,0.113424356639046,0.256180576574362,2006
CORONADITO,2007,15798.1953284703,14.398623107039,4,29,Alto Golfo,-0.736120177479109,-1.0186829710145,0,0,9.66765099277442,2.66713258444357,0.0696373361000848,-1.27371072777347,2007
CORONADITO,2008,22213.6924654315,9.21515522765476,7,29,Alto Golfo,-0.361026289222258,-0.280911231884062,11,5.7686,10.0084641554533,2.22084943608623,0.410450498778973,-0.53593898864303,2008
CORONADITO,2010,10803.0142155362,11.155062965011,6,29,Alto Golfo,-0.500805108985957,-1.0694981884058,17,4.67000000000001,9.28758046820395,2.41189347242356,-0.310433188470382,-1.32452594516477,2010
CORONADITO,2023,12390.9427774063,10.6778633197001,7,29,Alto Golfo,-0.54247634186267,-0.859878623188409,13,1.6691,9.4247210635287,2.36817274981815,-0.173292593145636,-1.11490637994738,2023
CORONADO_LAJAS,1998,39792.1334913861,39.3927342844148,7,26,Loreto,0.666725751701569,0.642402173913055,105,91.6525000000001,10.5914245207668,3.67358139027345,0.993410864092469,0.387374417154087,1998
CORONADO_LAJAS,1999,14182.1208834857,11.815806299039,8,26,Loreto,-0.711000275695692,-0.585586956521728,0,0,9.55973735755387,2.46943815198697,-0.0382762991204633,-0.840614713280696,1999
CORONADO_LAJAS,2000,19183.3013172248,15.9930369155627,5,26,Loreto,-0.279691866859117,-0.154989130434771,37,12.3504,9.86179545652613,2.77215343473859,0.263781799851797,-0.410016887193739,2000
CORONADO_LAJAS,2001,31037.1746339608,20.5560898465463,7,26,Loreto,-0.653000275695693,-0.776619565217379,39,15.7174,10.3429409467638,3.02315723993899,0.744927290089503,-1.03164732197635,2001
CORONADO_LAJAS,2002,15742.4231802805,13.1880119198074,8,26,Loreto,-0.564397535969665,-0.741184782608684,11,4.30740000000001,9.66411446058478,2.57930822904646,0.0661008039104498,-0.996212539367652,2002
CORONADO_LAJAS,2003,16525.350720484,16.037949296704,6,26,Loreto,-0.241329042818979,-0.622163043478249,29,14.3296,9.71265088812457,2.77495774493228,0.114637231450233,-0.877190800237217,2003
CORONADO_LAJAS,2004,19568.7837025648,17.3510129229776,8,26,Loreto,-0.104309353197915,0.0546847826087076,12,2.64090000000001,9.8816909073378,2.85365088641654,0.283677250663468,-0.20034297415026,2004
CORONADO_LAJAS,2005,7642.11676904456,12.650360848393,7,26,Loreto,0.0121504092358158,0.154739130434794,37,15.2554,8.94142990779649,2.53768574033135,-0.656583748877845,-0.100288626324174,2005
CORONADO_LAJAS,2006,14889.7452770156,11.7233698314102,7,26,Loreto,0.275273696907048,0.64142391304349,52,28.1216,9.60842801854822,2.46158427109786,0.0104143618738917,0.386396156284522,2006
CORONADO_LAJAS,2007,20483.6097407857,23.1158377852342,8,26,Loreto,-0.598178357887473,-0.911510869565206,0,0,9.92738032049633,3.14051800100723,0.329366663821997,-1.16653862632417,2007
CORONADO_LAJAS,2008,22749.1466125412,19.1241028428918,8,26,Loreto,-0.671303888717042,-0.716293478260858,10,3.09999999999999,10.0322829121389,2.95094946843669,0.434269255464537,-0.971321235019826,2008
CORONADO_LAJAS,2009,23151.384440646,18.2278242671958,8,26,Loreto,0.102314792797459,0.000500000000011892,33,27.5664,10.0498098607779,2.90294923253861,0.451796204103577,-0.254527756758956,2009
CORONADO_LAJAS,2010,13785.6707841873,13.4616076621758,7,26,Loreto,-0.302370138709391,-0.691945652173901,28,8.11240000000001,9.5313849827156,2.59984175706754,-0.0666286739587285,-0.946973408932869,2010
CORONADO_LAJAS,2011,4255.58060428221,5.64124160616208,8,26,Loreto,-0.206397535969664,0.61588043478262,64,36.7214,8.35598648393895,1.73010418421861,-1.24202717273538,0.360852678023652,2011
CORONADO_LAJAS,2012,5609.91291583634,9.04815460192378,8,26,Loreto,-0.139172741176058,-0.0551521739130321,44,31.0819,8.63229047537243,2.20256082552944,-0.9657231813019,-0.310179930672,2012
CORONADO_LAJAS,2013,12850.9605103461,12.2735499391283,8,26,Loreto,-0.0530276729559658,0.540608695652186,47,40.3743,9.46117383541674,2.50744653547063,-0.136839821257597,0.285580938893218,2013
CORONADO_LAJAS,2014,4917.62055757933,5.83257036732604,8,26,Loreto,0.926506573619377,1.19191304347827,159,139.6966,8.50058006599307,1.76345778953438,-1.09743359068126,0.936885286719303,2014
CORONADO_LAJAS,2015,12243.5109054969,14.3687612272094,8,26,Loreto,1.42664355992075,1.37658695652175,264,226.2505,9.41275135362035,2.66505649089203,-0.185262303053978,1.12155919976278,2015
CORONADO_LAJAS,2016,31661.0644917627,49.028151260026,8,26,Loreto,1.27110048286766,1.11925000000001,235,195.9983,10.3628429554776,3.89239464865051,0.764829298803237,0.864222243241042,2016
CORONADO_LAJAS,2017,7362.83139388997,9.51465430605186,8,26,Loreto,0.524259998276911,0.536641304347838,119,63.0583,8.90419983800154,2.25283316861694,-0.693813818672794,0.28161354758887,2017
CORONADO_LAJAS,2018,35618.4161865364,45.7602021008393,8,26,Loreto,0.282232601016637,0.488108695652186,63,36.4323,10.4806180916927,3.82341476360111,0.882604435018392,0.233080938893218,2018
CORONADO_LAJAS,2022,26234.6620895721,39.2286940925086,7,26,Loreto,0.278013422934445,-0.0598804347825977,63,26.6844,10.1748367958996,3.66940847117666,0.576823139225246,-0.314908191541565,2022
CORONADO_LAJAS,2023,10908.3229731107,9.9607071536834,6,26,Loreto,0.503794244852253,0.570445652173925,116,54.0816,9.29728135235651,2.29864806844197,-0.300732304317821,0.315417895414957,2023
CORONADO_LAJAS,2025,20432.010532574,36.8456499693306,9,26,Loreto,0.707794244852253,0.68126086956523,139,91.0307,9.92485809376621,3.60673756470201,0.326844437091882,0.426233112806262,2025
CORONADO_MONO,1998,28793.2486595967,28.5557781177523,9,26,Loreto,0.666725751701569,0.642402173913055,105,91.6525000000001,10.2678962171012,3.35185930153552,0.669882560426899,0.387374417154087,1998
CORONADO_MONO,1999,18749.0504093975,24.8865961383593,7,26,Loreto,-0.711000275695692,-0.585586956521728,0,0,9.83889838528393,3.21432935083464,0.240884728609599,-0.840614713280696,1999
CORONADO_MONO,2000,31914.9485972145,15.0709491911726,6,26,Loreto,-0.279691866859117,-0.154989130434771,37,12.3504,10.3708297870736,2.71276899613417,0.772816130399285,-0.410016887193739,2000
CORONADO_MONO,2001,41566.9004023507,23.1570198612032,8,26,Loreto,-0.653000275695693,-0.776619565217379,39,15.7174,10.6350594661362,3.14229796831146,1.03704580946186,-1.03164732197635,2001
CORONADO_MONO,2002,28738.5104333717,23.395056794109,7,26,Loreto,-0.564397535969665,-0.741184782608684,11,4.30740000000001,10.2659933292492,3.15252475193263,0.667979672574861,-0.996212539367652,2002
CORONADO_MONO,2003,27247.0024441325,23.5205167179153,7,26,Loreto,-0.241329042818979,-0.622163043478249,29,14.3296,10.2126987919905,3.15787309208822,0.614685135316206,-0.877190800237217,2003
CORONADO_MONO,2004,30341.1266942894,21.8303807306445,7,26,Loreto,-0.104309353197915,0.0546847826087076,12,2.64090000000001,10.3202593878191,3.08330261111726,0.72224573114479,-0.20034297415026,2004
CORONADO_MONO,2005,19888.5987312936,26.8668415772737,7,26,Loreto,0.0121504092358158,0.154739130434794,37,15.2554,9.89790191845088,3.29089287114364,0.29988826177655,-0.100288626324174,2005
CORONADO_MONO,2006,33715.4009834379,20.3103582003115,8,26,Loreto,0.275273696907048,0.64142391304349,52,28.1216,10.4257100144225,3.01113101208431,0.827696357748195,0.386396156284522,2006
CORONADO_MONO,2007,18270.23174604,21.8463414359351,7,26,Loreto,-0.598178357887473,-0.911510869565206,0,0,9.81302833380392,3.08403346751899,0.21501467712959,-1.16653862632417,2007
CORONADO_MONO,2008,24188.9319893064,22.4824340684844,8,26,Loreto,-0.671303888717042,-0.716293478260858,10,3.09999999999999,10.0936504517119,3.11273429623176,0.495636795037591,-0.971321235019826,2008
CORONADO_MONO,2009,25724.5086091779,21.4205198916986,10,26,Loreto,0.102314792797459,0.000500000000011892,33,27.5664,10.1551994588358,3.06434933604619,0.557185802161433,-0.254527756758956,2009
CORONADO_MONO,2010,27004.9777273251,17.5169258515294,8,26,Loreto,-0.302370138709391,-0.691945652173901,28,8.11240000000001,10.2037764882655,2.86316760501709,0.605762831591168,-0.946973408932869,2010
CORONADO_MONO,2011,6592.37369975739,10.7520997282983,8,26,Loreto,-0.206397535969664,0.61588043478262,64,36.7214,8.79366875987288,2.37510105906314,-0.804344896801457,0.360852678023652,2011
CORONADO_MONO,2012,5703.26640177234,8.4045682498649,8,26,Loreto,-0.139172741176058,-0.0551521739130321,44,31.0819,8.64879434263302,2.12877539729192,-0.949219314041311,-0.310179930672,2012
CORONADO_MONO,2013,10234.7413549346,13.0648518687925,8,26,Loreto,-0.0530276729559658,0.540608695652186,47,40.3743,9.23354322712974,2.56992556089012,-0.364470429544596,0.285580938893218,2013
CORONADO_MONO,2014,10991.7230858066,12.3358805883678,7,26,Loreto,0.926506573619377,1.19191304347827,159,139.6966,9.30489782180552,2.51251213684285,-0.293115834868814,0.936885286719303,2014
CORONADO_MONO,2015,13779.8202260635,16.1911116096585,7,26,Loreto,1.42664355992075,1.37658695652175,264,226.2505,9.53096049847845,2.78446242559557,-0.0670531581958827,1.12155919976278,2015
CORONADO_MONO,2016,39921.8165727923,41.9611249043487,8,26,Loreto,1.27110048286766,1.11925000000001,235,195.9983,10.5946782347205,3.73674359213797,0.9966645780462,0.864222243241042,2016
CORONADO_MONO,2017,12698.543330755,13.4443065069243,8,26,Loreto,0.524259998276911,0.536641304347838,119,63.0583,9.44924256750257,2.59855570839234,-0.148771089171762,0.28161354758887,2017
CORONADO_MONO,2018,22447.432401599,22.317297973857,8,26,Loreto,0.282232601016637,0.488108695652186,63,36.4323,10.0189315169905,3.10536207166599,0.420917860316118,0.233080938893218,2018
CORONADO_MONO,2019,29423.3600058171,32.0073036145972,7,26,Loreto,0.398040820194719,0.346750000000012,48,22.2338,10.2895441958536,3.46596411471357,0.691530539179313,0.0917222432410443,2019
CORONADO_MONO,2021,25951.3297169498,35.4963701194517,7,26,Loreto,0.785355888687871,1.3418043478261,169,124.4756,10.1639781287822,3.56943044109718,0.565964472107856,1.08677659106713,2021
CORONADO_MONO,2022,23136.1095337031,29.6556784351609,7,26,Loreto,0.278013422934445,-0.0598804347825977,63,26.6844,10.0491498592878,3.38965362262674,0.451136202613506,-0.314908191541565,2022
CORONADO_MONO,2023,9719.36646744443,10.6262708693196,7,26,Loreto,0.503794244852253,0.570445652173925,116,54.0816,9.18187571708383,2.3633293188877,-0.416137939590501,0.315417895414957,2023
CORONADO_PUNTA_BLANCA,1998,16904.3719869893,32.8642252693157,10,26,Loreto,0.666725751701569,0.642402173913055,105,91.6525000000001,9.73532756490973,3.49238468831478,0.137313908235402,0.387374417154087,1998
CORONADO_PUNTA_BLANCA,1999,19893.5940107535,21.1909455131151,8,26,Loreto,-0.711000275695692,-0.585586956521728,0,0,9.8981530498814,3.05357399200748,0.300139393207063,-0.840614713280696,1999
CORONADO_PUNTA_BLANCA,2000,33504.7096577552,26.7976802085564,7,26,Loreto,-0.279691866859117,-0.154989130434771,37,12.3504,10.4194412947304,3.28831532438811,0.82142763805609,-0.410016887193739,2000
CORONADO_PUNTA_BLANCA,2001,51290.8988071894,35.139142453238,8,26,Loreto,-0.653000275695693,-0.776619565217379,39,15.7174,10.8452686042537,3.55931567874,1.24725494757941,-1.03164732197635,2001
CORONADO_PUNTA_BLANCA,2002,37708.0008211368,29.817394469457,6,26,Loreto,-0.564397535969665,-0.741184782608684,11,4.30740000000001,10.5376275742922,3.39509193024943,0.939613917617905,-0.996212539367652,2002
CORONADO_PUNTA_BLANCA,2003,17898.3395801998,15.9310731372986,7,26,Loreto,-0.241329042818979,-0.622163043478249,29,14.3296,9.7924632266436,2.76827148745955,0.194449569969267,-0.877190800237217,2003
CORONADO_PUNTA_BLANCA,2004,22706.0912323239,16.4685640641148,8,26,Loreto,-0.104309353197915,0.0546847826087076,12,2.64090000000001,10.0303885036995,2.80145335545337,0.432374847025161,-0.20034297415026,2004
CORONADO_PUNTA_BLANCA,2005,12072.0212615039,14.7151988395297,5,26,Loreto,0.0121504092358158,0.154739130434794,37,15.2554,9.39864576167077,2.68888089430428,-0.199367895003558,-0.100288626324174,2005
CORONADO_PUNTA_BLANCA,2006,44944.7978122602,36.004812254317,6,26,Loreto,0.275273696907048,0.64142391304349,52,28.1216,10.7131903004383,3.5836526032536,1.11517664376392,0.386396156284522,2006
CORONADO_PUNTA_BLANCA,2007,32443.5555908328,30.5846201495184,8,26,Loreto,-0.598178357887473,-0.911510869565206,0,0,10.387257107366,3.42049727311498,0.789243450691624,-1.16653862632417,2007
CORONADO_PUNTA_BLANCA,2008,22191.7921758176,16.9960367264873,4,26,Loreto,-0.671303888717042,-0.716293478260858,10,3.09999999999999,10.0074777776864,2.83298018314028,0.409464121012061,-0.971321235019826,2008
CORONADO_PUNTA_BLANCA,2009,32893.5736388012,33.4282315224333,4,26,Loreto,0.102314792797459,0.000500000000011892,33,27.5664,10.4010325875464,3.50940079811835,0.803018930872096,-0.254527756758956,2009
CORONADO_PUNTA_BLANCA,2010,28667.1578557525,20.9716406641021,7,26,Loreto,-0.302370138709391,-0.691945652173901,28,8.11240000000001,10.2635074209237,3.04317108048482,0.665493764249405,-0.946973408932869,2010
CORONADO_PUNTA_BLANCA,2011,7937.33305610983,8.54454142297601,8,26,Loreto,-0.206397535969664,0.61588043478262,64,36.7214,8.97933261067864,2.14529264900413,-0.618681045995691,0.360852678023652,2011
CORONADO_PUNTA_BLANCA,2012,5564.00538335645,8.13700820118534,8,26,Loreto,-0.139172741176058,-0.0551521739130321,44,31.0819,8.62407352057638,2.0964225696021,-0.973940136097957,-0.310179930672,2012
CORONADO_PUNTA_BLANCA,2013,18106.3494811531,16.2983582297108,8,26,Loreto,-0.0530276729559658,0.540608695652186,47,40.3743,9.80401795580167,2.79106438063627,0.206004299127335,0.285580938893218,2013
CORONADO_PUNTA_BLANCA,2014,6248.76293070923,7.60108827876113,7,26,Loreto,0.926506573619377,1.19191304347827,159,139.6966,8.74013879205298,2.02829143161475,-0.857874864621351,0.936885286719303,2014
CORONADO_PUNTA_BLANCA,2015,29743.9462563121,36.2885193659186,8,26,Loreto,1.42664355992075,1.37658695652175,264,226.2505,10.3003809030847,3.59150142033528,0.702367246410331,1.12155919976278,2015
CORONADO_PUNTA_BLANCA,2016,23817.9132043624,27.7983347540124,13,26,Loreto,1.27110048286766,1.11925000000001,235,195.9983,10.0781932322018,3.32497611796765,0.480179575527497,0.864222243241042,2016
CORONADO_PUNTA_BLANCA,2017,20395.2861263116,23.8187904962628,8,26,Loreto,0.524259998276911,0.536641304347838,119,63.0583,9.92305908089138,3.1704747858228,0.325045424217043,0.28161354758887,2017
CORONADO_PUNTA_BLANCA,2018,11488.8320716595,13.7707733795139,8,26,Loreto,0.282232601016637,0.488108695652186,63,36.4323,9.34913071830121,2.62254847525303,-0.248882938373127,0.233080938893218,2018
CORONADO_PUNTA_BLANCA,2019,18393.8760513082,22.5724410188573,5,26,Loreto,0.398040820194719,0.346750000000012,48,22.2338,9.81977306490064,3.11672973823152,0.221759408226312,0.0917222432410443,2019
CORONADO_PUNTA_BLANCA,2021,26796.9484798696,30.5751392524199,6,26,Loreto,0.785355888687871,1.3418043478261,169,124.4756,10.1960432973247,3.4201872360165,0.598029640650333,1.08677659106713,2021
CORONADO_PUNTA_BLANCA,2022,33588.595323035,34.6742685784159,8,26,Loreto,0.278013422934445,-0.0598804347825977,63,26.6844,10.421941863424,3.54599787234947,0.823928206749619,-0.314908191541565,2022
CORONADO_PUNTA_BLANCA,2023,9213.72492237696,12.3139395410625,8,26,Loreto,0.503794244852253,0.570445652173925,116,54.0816,9.12844949073905,2.51073191670455,-0.46956416593528,0.315417895414957,2023
CORONADO_PUNTA_BLANCA,2025,13377.5967802862,14.4922620959588,8,26,Loreto,0.707794244852253,0.68126086956523,139,91.0307,9.50133670471629,2.67361485843089,-0.0966769519580435,0.426233112806262,2025
DANZANTE_BIZNAGA,1998,19944.9229361714,17.6140688416334,10,26,Loreto,0.620696889807873,0.472239130434781,98,83.6082,9.90072990051512,2.86869794872316,0.302716243840782,0.217211373675813,1998
DANZANTE_BIZNAGA,1999,10163.0805395587,11.0914736787837,8,26,Loreto,-0.675851055397605,-0.584445652173915,0,0,9.22651687788829,2.40617667610335,-0.371496778786039,-0.839473408932883,1999
DANZANTE_BIZNAGA,2000,26181.6680062646,20.4079650113539,8,26,Loreto,-0.287990445750421,-0.0517826086956547,34,12.8943,10.1728147504314,3.01592526638067,0.574801093757092,-0.306810365454622,2000
DANZANTE_BIZNAGA,2001,16862.9052385989,14.8660513399833,6,26,Loreto,-0.703631877315412,-0.84901086956522,21,9.0091,9.73287153216788,2.69908017981411,0.134857875493548,-1.10403862632419,2001
DANZANTE_BIZNAGA,2002,19474.3561190476,20.437933332581,7,26,Loreto,-0.595330507452399,-0.688304347826089,4,1.5501,9.87685380826929,3.01739265125012,0.278840151594959,-0.943332104585057,2002
DANZANTE_BIZNAGA,2003,29779.9942409601,43.583876830512,4,26,Loreto,-0.29719352115103,-0.541402173913046,24,10.7491,10.3015921128518,3.77468728449772,0.703578456177487,-0.796429930672014,2003
DANZANTE_BIZNAGA,2004,16395.6139519059,14.5552555029474,8,26,Loreto,-0.114957658865175,0.122184782608693,5,1.5757,9.70476913608636,2.67795213135113,0.106755479412023,-0.132842974150275,2004
DANZANTE_BIZNAGA,2005,14482.389769347,15.6348933431526,5,26,Loreto,-0.0632209184113041,-0.0802608695652198,34,11.5859,9.58068869164176,2.74950516921417,-0.0173249650325733,-0.335288626324187,2005
DANZANTE_BIZNAGA,2006,19214.5276381534,17.4068059993403,8,26,Loreto,0.231464013095546,0.646749999999998,56,26.3468,9.86342191972272,2.85686127912888,0.265408263048386,0.39172224324103,2006
DANZANTE_BIZNAGA,2007,14135.276636449,14.2416186602706,8,26,Loreto,-0.562535986904454,-0.955043478260871,19,7.1924,9.55642884096193,2.65616856948671,-0.0415848157124028,-1.21007123501984,2007
DANZANTE_BIZNAGA,2008,16217.4342399432,16.9800960457271,8,26,Loreto,-0.595995910231296,-0.475750000000002,18,6.9491,9.6938421301965,2.83204183727045,0.0958284735221664,-0.73077775675897,2008
DANZANTE_BIZNAGA,2009,17675.2528208651,18.0547588048301,8,26,Loreto,0.200121547342121,0.236260869565216,39,31.9226,9.77992079453037,2.89340929572743,0.181907137856042,-0.0187668871937517,2009
DANZANTE_BIZNAGA,2010,19860.4459842983,18.6463125513197,8,26,Loreto,-0.0251935211510298,-0.409554347826089,53,22.0192,9.89648539375681,2.92564840811306,0.298471737082473,-0.664582104585057,2010
DANZANTE_BIZNAGA,2011,9604.52071147414,11.1807884780627,4,26,Loreto,-0.234344206082536,0.437184782608694,53,27.8831,9.16998917405903,2.41419699100602,-0.428024482615298,0.182157025849726,2011
DANZANTE_BIZNAGA,2012,5378.5552995871,8.6063838090903,8,26,Loreto,-0.126023232635668,0.103217391304345,40,26.6708,8.59017508541948,2.15250423127116,-1.00783857125485,-0.151810365454623,2012
DANZANTE_BIZNAGA,2013,11104.6773565407,13.7829995510363,7,26,Loreto,-0.122426397863358,0.373597826086954,53,33.6624,9.31512168201548,2.62343591613857,-0.282891974658854,0.118570069327986,2013
DANZANTE_BIZNAGA,2014,6022.96829334798,8.63164232265605,8,26,Loreto,0.967244835013354,1.22647826086956,152,157.7733,8.70333548876753,2.15543479088974,-0.894678167906799,0.971450504110592,2014
DANZANTE_BIZNAGA,2015,11493.1465544072,15.527262723288,8,26,Loreto,1.50612154734212,1.59191304347826,268,252.5073,9.34950618491081,2.74259736427116,-0.248507471763524,1.33688528671929,2015
DANZANTE_BIZNAGA,2016,14369.0180840537,22.0248205430415,14,26,Loreto,1.24118988211843,0.974630434782606,209,181.4155,9.57282964577485,3.09217002391352,-0.025184010899487,0.719602678023638,2016
DANZANTE_BIZNAGA,2017,9831.49866500361,10.419186417282,8,26,Loreto,0.631710588438012,0.693652173913042,126,82.148,9.19334665981194,2.34364895432124,-0.404666996862391,0.438624417154074,2017
DANZANTE_BIZNAGA,2018,23410.8275732581,26.7438111051231,8,26,Loreto,0.207737985698286,0.21028260869565,41,22.126,10.0609539111313,3.28630308601789,0.462940254456953,-0.0447451480633177,2018
DANZANTE_BIZNAGA,2019,14385.2969544815,18.846576411165,8,26,Loreto,0.318751684328423,0.0500108695652151,25,6.8514,9.57396191911505,2.93633127464875,-0.0240517375592795,-0.205016887193753,2019
DANZANTE_BIZNAGA,2022,24053.061496789,34.8548474979749,8,26,Loreto,0.296833876109245,0.124413043478259,44,17.5534,10.0880175645961,3.55119222360172,0.490003907921762,-0.130614713280709,2022
DANZANTE_BIZNAGA,2023,10404.5884201462,14.0548921847329,7,26,Loreto,0.358422917205135,0.333978260869563,79,44.063,9.25000218207673,2.64297053337446,-0.348011474597607,0.0789505041105953,2023
DANZANTE_BIZNAGA,2025,22957.403870759,18.0781694800555,6,26,Loreto,0.703600999396914,0.603869565217389,140,95.926,10.0413957722093,2.8947051042662,0.443382115535014,0.348841808458421,2025
DANZANTE_PUNTA_ESTE,1998,20761.5102431617,19.3897269716847,10,26,Loreto,0.620696889807873,0.472239130434781,98,83.6082,9.94085608237766,2.96474338827274,0.342842425703326,0.217211373675813,1998
DANZANTE_PUNTA_ESTE,1999,17222.1219290193,16.0921345047409,5,26,Loreto,-0.675851055397605,-0.584445652173915,0,0,9.75394999507191,2.77833061253762,0.155936338397577,-0.839473408932883,1999
DANZANTE_PUNTA_ESTE,2000,16714.5514031654,15.0911656965666,9,26,Loreto,-0.287990445750421,-0.0517826086956547,34,12.8943,9.72403496051412,2.71410951940296,0.126021303839789,-0.306810365454622,2000
DANZANTE_PUNTA_ESTE,2001,20712.3088366259,18.9960329670046,10,26,Loreto,-0.703631877315412,-0.84901086956522,21,9.0091,9.93848343231991,2.94423016615624,0.340469775645579,-1.10403862632419,2001
DANZANTE_PUNTA_ESTE,2002,39879.528115833,38.1548657332198,8,26,Loreto,-0.595330507452399,-0.688304347826089,4,1.5501,10.5936183914038,3.64165329175283,0.995604734729454,-0.943332104585057,2002
DANZANTE_PUNTA_ESTE,2003,27561.1317739475,33.852036863817,8,26,Loreto,-0.29719352115103,-0.541402173913046,24,10.7491,10.2241617901025,3.5219991707774,0.626148133428208,-0.796429930672014,2003
DANZANTE_PUNTA_ESTE,2004,16437.2990892047,13.8853355132301,8,26,Loreto,-0.114957658865175,0.122184782608693,5,1.5757,9.70730836613544,2.63083328418523,0.109294709461112,-0.132842974150275,2004
DANZANTE_PUNTA_ESTE,2005,22095.1652577467,22.8969515194953,5,26,Loreto,-0.0632209184113041,-0.0802608695652198,34,11.5859,10.0031140969551,3.13100378027933,0.405100440280807,-0.335288626324187,2005
DANZANTE_PUNTA_ESTE,2006,26002.4495550155,16.3339495922438,8,26,Loreto,0.231464013095546,0.646749999999998,56,26.3468,10.1659460262202,2.79324573886813,0.567932369545902,0.39172224324103,2006
DANZANTE_PUNTA_ESTE,2007,36526.6942768382,27.6907203787789,8,26,Loreto,-0.562535986904454,-0.955043478260871,19,7.1924,10.5057986223148,3.32109735269058,0.907784965640484,-1.21007123501984,2007
DANZANTE_PUNTA_ESTE,2008,24519.1042278909,22.8659333322065,8,26,Loreto,-0.595995910231296,-0.475750000000002,18,6.9491,10.1072078570782,3.12964817552935,0.509194200403879,-0.73077775675897,2008
DANZANTE_PUNTA_ESTE,2009,20650.7775715531,20.1459957116746,5,26,Loreto,0.200121547342121,0.236260869565216,39,31.9226,9.93550825247702,3.00300554465809,0.337494595802683,-0.0187668871937517,2009
DANZANTE_PUNTA_ESTE,2010,19654.7911591808,17.1209770779634,7,26,Loreto,-0.0251935211510298,-0.409554347826089,53,22.0192,9.88607641247165,2.84030444139598,0.288062755797316,-0.664582104585057,2010
DANZANTE_PUNTA_ESTE,2011,6554.88229863378,10.7942556685012,8,26,Loreto,-0.234344206082536,0.437184782608694,53,27.8831,8.7879654400692,2.37901411008429,-0.81004821660513,0.182157025849726,2011
DANZANTE_PUNTA_ESTE,2012,3065.78090443219,5.83362914827386,6,26,Loreto,-0.126023232635668,0.103217391304345,40,26.6708,8.02805759713677,1.76363930210825,-1.56995605953756,-0.151810365454623,2012
DANZANTE_PUNTA_ESTE,2013,8219.15374310837,9.92349218944185,7,26,Loreto,-0.122426397863358,0.373597826086954,53,33.6624,9.01422253179036,2.29490489457291,-0.583791124883973,0.118570069327986,2013
DANZANTE_PUNTA_ESTE,2014,5792.28025709751,8.3034530501561,7,26,Loreto,0.967244835013354,1.22647826086956,152,157.7733,8.66428131982476,2.1166714584253,-0.933732336849571,0.971450504110592,2014
DANZANTE_PUNTA_ESTE,2015,13352.3485197242,16.8013079213581,8,26,Loreto,1.50612154734212,1.59191304347826,268,252.5073,9.49944756743691,2.82145673584066,-0.0985660892374227,1.33688528671929,2015
DANZANTE_PUNTA_ESTE,2016,38857.2030733841,43.5781631854264,7,26,Loreto,1.24118988211843,0.974630434782606,209,181.4155,10.5676487459043,3.7745561805196,0.969635089229966,0.719602678023638,2016
DANZANTE_PUNTA_ESTE,2017,10765.7601316125,11.9891331435447,8,26,Loreto,0.631710588438012,0.693652173913042,126,82.148,9.28412601869552,2.48400066813926,-0.313887637978814,0.438624417154074,2017
DANZANTE_PUNTA_ESTE,2018,27253.076958838,37.8961373049415,8,26,Loreto,0.207737985698286,0.21028260869565,41,22.126,10.2129217096375,3.63484918881896,0.614908052963195,-0.0447451480633177,2018
DANZANTE_PUNTA_ESTE,2019,22242.1632341198,27.3099927968527,7,26,Loreto,0.318751684328423,0.0500108695652151,25,6.8514,10.0097450113555,3.30725267173064,0.411731354681201,-0.205016887193753,2019
DANZANTE_PUNTA_ESTE,2022,40445.5226722234,49.5767098878209,4,26,Loreto,0.296833876109245,0.124413043478259,44,17.5534,10.6077112284054,3.90352116474038,1.00969757173102,-0.130614713280709,2022
DANZANTE_PUNTA_ESTE,2023,10847.4952946831,11.5387479967025,8,26,Loreto,0.358422917205135,0.333978260869563,79,44.063,9.29168948390271,2.44571076270743,-0.306324172771625,0.0789505041105953,2023
DANZANTE_PUNTA_NOROESTE,1998,27133.6751458333,22.2395534706806,5,26,Loreto,0.620696889807873,0.472239130434781,98,83.6082,10.2085308607555,3.10187239142365,0.610517204081125,0.217211373675813,1998
DANZANTE_PUNTA_NOROESTE,1999,10993.7740112512,12.126555727722,5,26,Loreto,-0.675851055397605,-0.584445652173915,0,0,9.30508439256545,2.49539773603384,-0.29292926410888,-0.839473408932883,1999
DANZANTE_PUNTA_NOROESTE,2000,19261.6172413556,13.684069347353,5,26,Loreto,-0.287990445750421,-0.0517826086956547,34,12.8943,9.86586965074466,2.61623233487166,0.267855994070329,-0.306810365454622,2000
DANZANTE_PUNTA_NOROESTE,2001,18883.049210229,16.3345337304073,5,26,Loreto,-0.703631877315412,-0.84901086956522,21,9.0091,9.84601993143808,2.7932815004404,0.248006274763746,-1.10403862632419,2001
DANZANTE_PUNTA_NOROESTE,2002,17334.4035293114,21.1108034355164,4,26,Loreto,-0.595330507452399,-0.688304347826089,4,1.5501,9.76044844906515,3.04978492061095,0.162434792390819,-0.943332104585057,2002
DANZANTE_PUNTA_NOROESTE,2003,5364.81704256411,11.2601082622916,4,26,Loreto,-0.29719352115103,-0.541402173913046,24,10.7491,8.58761755244493,2.42126623743367,-1.0103961042294,-0.796429930672014,2003
DANZANTE_PUNTA_NOROESTE,2004,24351.2277422409,13.1284191789266,4,26,Loreto,-0.114957658865175,0.122184782608693,5,1.5757,10.1003375478656,2.57477928342174,0.502323891191235,-0.132842974150275,2004
DANZANTE_PUNTA_NOROESTE,2005,14118.7959869356,7.23696368753252,3,26,Loreto,-0.0632209184113041,-0.0802608695652198,34,11.5859,9.55526223736448,1.9792017382581,-0.0427514193098482,-0.335288626324187,2005
DANZANTE_PUNTA_NOROESTE,2006,15371.2935001785,16.5334244638073,4,26,Loreto,0.231464013095546,0.646749999999998,56,26.3468,9.64025699045279,2.80538405697141,0.0422433337784582,0.39172224324103,2006
DANZANTE_PUNTA_NOROESTE,2007,18004.2427139616,29.045725114912,4,26,Loreto,-0.562535986904454,-0.955043478260871,19,7.1924,9.79836271543513,3.36887131635621,0.200349058760796,-1.21007123501984,2007
DANZANTE_PUNTA_NOROESTE,2008,35145.3320403061,31.5840300749672,4,26,Loreto,-0.595995910231296,-0.475750000000002,18,6.9491,10.4672470872907,3.45265161547222,0.869233430616356,-0.73077775675897,2008
DANZANTE_PUNTA_NOROESTE,2009,15864.2446569852,18.8332576286921,4,26,Loreto,0.200121547342121,0.236260869565216,39,31.9226,9.67182309223056,2.93562432976074,0.0738094355562264,-0.0187668871937517,2009
DANZANTE_PUNTA_NOROESTE,2010,21593.9873636404,31.950471930283,4,26,Loreto,-0.0251935211510298,-0.409554347826089,53,22.0192,9.98017019212772,3.46418695161533,0.382156535453383,-0.664582104585057,2010
DANZANTE_PUNTA_NOROESTE,2011,4363.86890560993,9.74425484061149,4,26,Loreto,-0.234344206082536,0.437184782608694,53,27.8831,8.38111430654069,2.27667786421868,-1.21689935013364,0.182157025849726,2011
DANZANTE_PUNTA_NOROESTE,2012,4190.27654315026,8.28147183104888,3,26,Loreto,-0.126023232635668,0.103217391304345,40,26.6708,8.34052201149008,2.11402070997325,-1.25749164518425,-0.151810365454623,2012
DANZANTE_PUNTA_NOROESTE,2013,35657.8748682987,50.4402394802303,4,26,Loreto,-0.122426397863358,0.373597826086954,53,33.6624,10.4817252953704,3.92078925890921,0.883711638696061,0.118570069327986,2013
DANZANTE_PUNTA_NOROESTE,2015,13258.3668586143,17.5189487632025,4,26,Loreto,1.50612154734212,1.59191304347826,268,252.5073,9.49238409315424,2.86328308160773,-0.105629563520091,1.33688528671929,2015
DANZANTE_PUNTA_NOROESTE,2016,21777.6471736994,29.1438900583294,4,26,Loreto,1.24118988211843,0.974630434782606,209,181.4155,9.9886393637324,3.37224528733878,0.390625707058069,0.719602678023638,2016
DANZANTE_PUNTA_NOROESTE,2017,5626.93702089343,9.64397728681994,4,26,Loreto,0.631710588438012,0.693652173913042,126,82.148,8.63532052706452,2.26633360515439,-0.962693129609812,0.438624417154074,2017
DANZANTE_PUNTA_NOROESTE,2018,17681.988866675,28.8179212456108,4,26,Loreto,0.207737985698286,0.21028260869565,41,22.126,9.78030182232383,3.36099745908762,0.182288165649496,-0.0447451480633177,2018
DANZANTE_PUNTA_NOROESTE,2019,10993.9597309231,20.4362389729075,4,26,Loreto,0.318751684328423,0.0500108695652151,25,6.8514,9.30510128559083,3.01730974512241,-0.292912371083506,-0.205016887193753,2019
DANZANTE_PUNTA_NOROESTE,2022,20250.0753137356,22.8499793269781,4,26,Loreto,0.296833876109245,0.124413043478259,44,17.5534,9.91591379172459,3.12895021261237,0.317900135050255,-0.130614713280709,2022
DANZANTE_PUNTA_NOROESTE,2023,11157.4672049577,16.1661118976111,4,26,Loreto,0.358422917205135,0.333978260869563,79,44.063,9.3198642572168,2.78291719307485,-0.278149399457529,0.0789505041105953,2023
DANZANTE_PUNTA_SURESTE,1998,17546.2965845009,17.7140059589479,10,26,Loreto,0.620696889807873,0.472239130434781,98,83.6082,9.77259818579983,2.87435562378498,0.174584529125493,0.217211373675813,1998
DANZANTE_PUNTA_SURESTE,1999,18974.1295555173,14.5803668502896,6,26,Loreto,-0.675851055397605,-0.584445652173915,0,0,9.8508317279846,2.67967588746353,0.252818071310267,-0.839473408932883,1999
DANZANTE_PUNTA_SURESTE,2000,27625.2016900533,18.8385674533203,8,26,Loreto,-0.287990445750421,-0.0517826086956547,34,12.8943,10.2264837397908,2.93590622874768,0.628470083116474,-0.306810365454622,2000
DANZANTE_PUNTA_SURESTE,2001,28735.9125999467,22.5993374115578,10,26,Loreto,-0.703631877315412,-0.84901086956522,21,9.0091,10.2659029296144,3.11792058777579,0.667889272940045,-1.10403862632419,2001
DANZANTE_PUNTA_SURESTE,2002,34136.9310873198,31.8970934266875,8,26,Loreto,-0.595330507452399,-0.688304347826089,4,1.5501,10.4381351003138,3.4625148904887,0.840121443639426,-0.943332104585057,2002
DANZANTE_PUNTA_SURESTE,2003,26986.1977885939,22.149546774488,7,26,Loreto,-0.29719352115103,-0.541402173913046,24,10.7491,10.2030808212677,3.0978170346334,0.605067164593399,-0.796429930672014,2003
DANZANTE_PUNTA_SURESTE,2004,25347.079032825,15.0551482355485,8,26,Loreto,-0.114957658865175,0.122184782608693,5,1.5757,10.1404187768508,2.71172000815214,0.54240512017644,-0.132842974150275,2004
DANZANTE_PUNTA_SURESTE,2005,13312.5981841677,12.3437961882079,7,26,Loreto,-0.0632209184113041,-0.0802608695652198,34,11.5859,9.49646609776112,2.51315360392389,-0.101547558913211,-0.335288626324187,2005
DANZANTE_PUNTA_SURESTE,2006,20896.9979746817,22.4529603540246,8,26,Loreto,0.231464013095546,0.646749999999998,56,26.3468,9.947360790061,3.11142246981674,0.349347133386667,0.39172224324103,2006
DANZANTE_PUNTA_SURESTE,2007,14551.942463642,19.3500946865494,8,26,Loreto,-0.562535986904454,-0.955043478260871,19,7.1924,9.58547976634476,2.96269731282554,-0.0125338903295731,-1.21007123501984,2007
DANZANTE_PUNTA_SURESTE,2008,21567.6230711271,17.5081096390595,8,26,Loreto,-0.595995910231296,-0.475750000000002,18,6.9491,9.97894853725772,2.86266418153542,0.380934880583391,-0.73077775675897,2008
DANZANTE_PUNTA_SURESTE,2009,28537.6507651054,21.2343839984454,5,26,Loreto,0.200121547342121,0.236260869565216,39,31.9226,10.2589795738764,3.05562175455923,0.660965917202075,-0.0187668871937517,2009
DANZANTE_PUNTA_SURESTE,2010,28101.4222250149,20.8910831964522,8,26,Loreto,-0.0251935211510298,-0.409554347826089,53,22.0192,10.2435754670309,3.03932242661539,0.645561810356563,-0.664582104585057,2010
DANZANTE_PUNTA_SURESTE,2011,6539.06500728127,9.27301223855258,8,26,Loreto,-0.234344206082536,0.437184782608694,53,27.8831,8.78554946898323,2.22710827162231,-0.812464187691106,0.182157025849726,2011
DANZANTE_PUNTA_SURESTE,2012,7993.41661342698,13.8147591039524,7,26,Loreto,-0.126023232635668,0.103217391304345,40,26.6708,8.98637355855307,2.62573752094158,-0.61164009812126,-0.151810365454623,2012
DANZANTE_PUNTA_SURESTE,2013,33781.7042960262,33.0947341173891,8,26,Loreto,-0.122426397863358,0.373597826086954,53,33.6624,10.4276746419022,3.49937417961775,0.82966098522785,0.118570069327986,2013
DANZANTE_PUNTA_SURESTE,2014,11559.0101037623,13.3325845678268,8,26,Loreto,0.967244835013354,1.22647826086956,152,157.7733,9.35522050739738,2.59021100645595,-0.242793149276952,0.971450504110592,2014
DANZANTE_PUNTA_SURESTE,2015,29815.1878022354,43.879077002717,8,26,Loreto,1.50612154734212,1.59191304347826,268,252.5073,10.3027732004552,3.78143760060779,0.704759543780876,1.33688528671929,2015
DANZANTE_PUNTA_SURESTE,2016,13927.0957466693,18.7635188797404,14,26,Loreto,1.24118988211843,0.974630434782606,209,181.4155,9.54159155592494,2.93191449953529,-0.0564221007493959,0.719602678023638,2016
DANZANTE_PUNTA_SURESTE,2017,9114.03722711878,8.43379554643859,8,26,Loreto,0.631710588438012,0.693652173913042,126,82.148,9.11757105642365,2.13224691344156,-0.480442600250685,0.438624417154074,2017
DANZANTE_PUNTA_SURESTE,2018,23204.8061768138,29.9808332975231,8,26,Loreto,0.207737985698286,0.21028260869565,41,22.126,10.0521146989929,3.40055828740235,0.454101042318518,-0.0447451480633177,2018
DANZANTE_PUNTA_SURESTE,2019,24486.3718974803,26.0844815642476,8,26,Loreto,0.318751684328423,0.0500108695652151,25,6.8514,10.1058719926865,3.26134056141572,0.507858336012133,-0.205016887193753,2019
DANZANTE_PUNTA_SURESTE,2022,28747.2064305628,42.4887707248679,8,26,Loreto,0.296833876109245,0.124413043478259,44,17.5534,10.2662958738718,3.74923982278018,0.668282217197485,-0.130614713280709,2022
DANZANTE_PUNTA_SURESTE,2023,11146.5348572763,11.1772100945994,8,26,Loreto,0.358422917205135,0.333978260869563,79,44.063,9.31888395345549,2.41387689227426,-0.279129703218841,0.0789505041105953,2023
DANZANTE_PUNTA_SURESTE,2025,14789.3615340218,24.8492203747258,5,26,Loreto,0.703600999396914,0.603869565217389,140,95.926,9.60166338601184,3.21282637880001,0.0036497293375124,0.348841808458421,2025
DEDO_NEPTUNO,2009,32782.2587587277,28.1824581028824,1,23,Los Cabos,0.532061686913073,0.505793478260878,77,36.9149,10.3976427565355,3.33869973129949,0.79962909986112,0.25076572150191,2009
DEDO_NEPTUNO,2011,7324.36587392826,6.93250952983814,1,23,Los Cabos,0.0918151115706078,0.975086956521747,68,30.4166,8.89896186002568,1.93622187316796,-0.699051796648657,0.72005919976278,2011
DEDO_NEPTUNO,2013,10966.1442975392,13.7446059195087,1,23,Los Cabos,-0.512952011717064,-0.579097826086948,0,0,9.30256801450766,2.62064645038107,-0.295445642166671,-0.834125582845916,2013
DEDO_NEPTUNO,2014,6263.04664472231,12.1209647186012,1,23,Los Cabos,1.05967812526924,1.42492391304349,149,127.412,8.74242203016211,2.4949365747178,-0.855591626512226,1.16989615628452,2014
DEDO_NEPTUNO,2015,3420.07140759785,5.33255211070251,2,23,Los Cabos,1.39296579650211,1.4640543478261,237,109.369,8.13741670925326,1.67382994359926,-1.46059694742108,1.20902659106713,2015
DEDO_NEPTUNO,2016,8794.83705073497,11.106493108731,2,23,Los Cabos,0.711190114101114,0.314978260869573,120,72.7031,9.0819201295111,2.40752990204364,-0.516093527163228,0.0599505041106053,2016
DEDO_NEPTUNO,2017,8322.9503507994,15.3177939778483,2,23,Los Cabos,0.274527440337731,0.333565217391313,54,26.5963,9.02677208042726,2.72901515771999,-0.571241576247076,0.0785374606323454,2017
DEDO_NEPTUNO,2018,10279.9407420742,10.3910967541791,1,23,Los Cabos,0.486171275954169,0.241608695652183,79,46.0997,9.23794977460288,2.34094935817151,-0.360063882071456,-0.0134190611067847,2018
DEDO_NEPTUNO,2019,17906.8931805112,13.365057997845,1,23,Los Cabos,0.101184974584306,-0.545782608695644,59,26.2004,9.79294101158253,2.59264368911345,0.194927354908202,-0.800810365454612,2019
DEDO_NEPTUNO,2021,7717.94704740658,11.2357016509655,1,23,Los Cabos,0.644472645817183,0.884489130434791,74,37.792,8.95130368115236,2.41909635593161,-0.646709975521972,0.629461373675824,2021
ESPERANZA,2009,114948.076432508,119.483999276205,4,23,Cabo Pulmo,0.519435426897558,0.43976268115942,64,35.0246,11.6522357961018,4.78318246513627,2.05422213942751,0.184734924400452,2009
ESPERANZA,2010,13572.5167485646,28.8009092828543,4,23,Cabo Pulmo,-0.0739892306366885,-0.376922101449276,19,4.3091,9.51580219978618,3.36040695896484,-0.0822114568881496,-0.631949858208244,2010
ESPERANZA,2011,11164.0569884887,18.8049708708729,4,23,Cabo Pulmo,0.00620255018522805,0.74976268115942,66,23.9319,9.32045469930896,2.93412124291141,-0.277558957365374,0.494734924400452,2011
ESPERANZA,2012,21311.7435792757,23.3906499220715,4,23,Cabo Pulmo,-0.0544181960339596,0.0826431159420287,27,9.1107,9.96701354151453,3.15233636653205,0.368999884840195,-0.172384640816939,2012
ESPERANZA,2013,4122.49137998498,5.58135581968231,4,23,Cabo Pulmo,-0.405386490910662,-0.280400362318841,0,0,8.32421296346371,1.71943172531643,-1.27380069321063,-0.535428119077809,2013
ESPERANZA,2014,232991.135623404,54.1711932866757,4,23,Cabo Pulmo,0.916832687171531,1.0377518115942,148,98.5037999999999,12.3587556872894,3.99214927797944,2.76074203061505,0.782724054835232,2014
ESPERANZA,2015,6890.09797107426,6.79076026631269,4,23,Cabo Pulmo,1.12154501593865,1.09095833333333,184,102.0522,8.83784058322073,1.91556290383171,-0.760173073453606,0.835930576574362,2015
ESPERANZA,2016,47255.329518626,41.8086025286748,4,23,Cabo Pulmo,0.955144645496095,0.654980072463768,183,128.3095,10.7633207206061,3.73310212047777,1.16530706393178,0.3999523157048,2016
ESPERANZA,2017,16271.8590770645,44.8825499596373,4,23,Cabo Pulmo,0.582668303609887,0.484653985507246,96,54.7904,9.69719245779512,3.80404907688287,0.0991788011207877,0.229626228748278,2017
ESPERANZA,2018,10059.2796851442,13.255563209937,4,23,Cabo Pulmo,0.447462824157831,0.478675724637681,72,36.555,9.21625083921586,2.58441732921453,-0.381762817458476,0.223647967878713,2018
ESPERANZA,2019,4270.37969506194,5.627369573684,3,23,Cabo Pulmo,0.210723098130435,-0.125400362318841,32,10.1318,8.35945802382956,1.72764211693026,-1.23855563284478,-0.380428119077809,2019
ESPERANZA,2021,35812.9114029825,36.4709189073745,4,23,Cabo Pulmo,0.621325837856463,0.920958333333332,95,64.8118,10.4860637610835,3.59651520075693,0.888050104409135,0.665930576574364,2021
ESPERANZA,2022,9946.75484094001,12.2524487838817,4,23,Cabo Pulmo,0.182942276212627,0.0410670289855068,52,24.5087,9.20500163031606,2.50572581773829,-0.393012026358271,-0.213960727773461,2022
ESPERANZA,2023,14016.6675477995,25.9666246580837,4,23,Cabo Pulmo,0.453298440596188,0.654545289855073,86,31.2296,9.5480024395962,3.25681204641847,-0.0500112170781293,0.399517533096105,2023
ESPERANZA,2025,14366.8760100288,18.7032659280543,2,23,Cabo Pulmo,0.495517618678381,0.800197463768116,124,70.5154,9.57268055878129,2.92869815717031,-0.0253330978930446,0.545169707009148,2025
ESPIRITU_SANTO_BALLENA,1998,47670.1681138618,36.5928212512666,5,24,La Paz,0.798670509175499,0.833043478260874,122,68.9853,10.7720610748103,3.59985208049345,1.17404741813594,0.578015721501906,1998
ESPIRITU_SANTO_BALLENA,1999,5564.1960046477,7.47582484099734,11,24,La Paz,-0.253411682605322,-0.140706521739127,0,0,8.62410777971397,2.01167445981073,-0.973905876960362,-0.395734278498095,1999
ESPIRITU_SANTO_BALLENA,2000,15219.8129589472,13.6975492930903,4,24,La Paz,-0.19420225023198,-0.0663586956521703,21,6.7917,9.63035334217769,2.61721693311644,0.0323396855033593,-0.321386452411138,2000
ESPIRITU_SANTO_BALLENA,2001,31695.0961507976,22.5251546072592,6,24,La Paz,-0.770288394934088,-0.936032608695648,2,0.661000000000001,10.3639172523403,3.11463266727814,0.765903595666012,-1.19106036545462,2001
ESPIRITU_SANTO_BALLENA,2002,23816.9738018831,18.9945634782076,5,24,La Paz,-0.442206203153267,-0.408858695652169,13,2.0126,10.0781537904171,2.94415280549675,0.480140133742767,-0.663886452411137,2002
ESPIRITU_SANTO_BALLENA,2003,9391.27089598283,7.24857588515468,4,24,La Paz,-0.168069216851897,-0.524673913043474,10,4.6622,9.14753590872898,1.98080501993792,-0.450477747945353,-0.779701669802442,2003
ESPIRITU_SANTO_BALLENA,2004,23650.7139352083,17.9082710663305,6,24,La Paz,-0.106360720177335,0.236521739130439,0,0,10.0711485809997,2.88526267686962,0.473134924325349,-0.0185060176285287,2004
ESPIRITU_SANTO_BALLENA,2005,20466.7653986461,21.0965576060935,4,24,La Paz,-0.246836340139568,-0.33510869565217,14,2.9833,9.92655764949357,3.04910988054152,0.328543992819236,-0.590136452411138,2005
ESPIRITU_SANTO_BALLENA,2006,22489.0802717605,20.4838390959719,4,24,La Paz,0.21508146807961,0.569021739130439,59,24.6952,10.0207851491309,3.01963623846166,0.422771492456615,0.313993982371471,2006
ESPIRITU_SANTO_BALLENA,2007,41086.1352114597,27.3436635109772,4,24,La Paz,-0.767877436029979,-1.06152173913043,0,0,10.6234260007846,3.30848482052577,1.02541234411025,-1.3165494958894,2007
ESPIRITU_SANTO_BALLENA,2008,26236.4578777679,17.4016406881789,4,24,La Paz,-0.527016457882253,-0.245380434782605,11,3.81170000000001,10.1749052445318,2.85656449419931,0.576891587857467,-0.500408191541573,2008
ESPIRITU_SANTO_BALLENA,2009,24594.7607326128,32.4823019252526,4,24,La Paz,0.0691088653398841,-0.0199456521739091,26,10.7607,10.1102887208883,3.48069538486507,0.512275064213936,-0.274973408932877,2009
ESPIRITU_SANTO_BALLENA,2010,17416.2450394909,11.7452153990469,4,24,La Paz,-0.210863737399842,-0.745326086956518,13,4.2182,9.76515867260703,2.46344595758059,0.167145015932693,-1.00035384371549,2010
ESPIRITU_SANTO_BALLENA,2011,18619.5908386461,24.2955445035192,4,24,La Paz,-0.064178805892993,0.733586956521743,46,27.7887,9.83196957629564,3.19029297977051,0.233955919621309,0.478559199762775,2011
ESPIRITU_SANTO_BALLENA,2012,7431.02697711728,11.7479932608882,3,24,La Paz,-0.21059569285493,0.029782608695656,34,15.5179,8.91341934849905,2.46368243969714,-0.68459430817528,-0.225245148063312,2012
ESPIRITU_SANTO_BALLENA,2013,4129.5805992598,4.66453617474769,8,24,La Paz,-0.41037058671491,-0.335380434782605,0,0,8.32593113098252,1.53998840272114,-1.27208252569182,-0.590408191541573,2013
ESPIRITU_SANTO_BALLENA,2014,8318.29023038532,8.0539030843061,4,24,La Paz,0.975793796846733,1.43021739130435,167,106.8138,9.02621201154139,2.08615682911948,-0.571801645132945,1.17518963454538,2014
ESPIRITU_SANTO_BALLENA,2015,15957.3733821165,16.0707237752582,4,24,La Paz,1.23097187903851,1.36152173913044,185,133.733,9.67767628240448,2.77699921764362,0.0796626257301494,1.10649398237147,2015
ESPIRITU_SANTO_BALLENA,2016,19609.3165068507,27.7978536352444,2,24,La Paz,0.798666602227037,0.276684782608699,181,106.7015,9.88376006426633,3.32495881035064,0.285746407591995,0.0216570258497313,2016
ESPIRITU_SANTO_BALLENA,2017,9634.22066894514,13.4915480709886,4,24,La Paz,0.402533522874131,0.191195652173917,50,22.1122,9.17307669215362,2.60206342056581,-0.424936964520709,-0.0638321045850507,2017
ESPIRITU_SANTO_BALLENA,2018,15665.4711628975,15.6334117005214,8,24,La Paz,0.321382837942623,0.37309782608696,55,25.8419,9.6592142803612,2.74941039959809,0.0612006236868723,0.118070069327992,2018
ESPIRITU_SANTO_BALLENA,2019,16501.2119911914,15.9243840347853,8,24,La Paz,0.0685335228741306,-0.29885869565217,27,6.94299999999999,9.71118911120266,2.76785152157581,0.113175454528324,-0.553886452411138,2019
ESPIRITU_SANTO_BALLENA,2022,32839.1599741041,32.5618749540875,4,24,La Paz,0.190752700956322,-0.177826086956518,53,23.9875,10.3993769838879,3.48314212406141,0.801363327213599,-0.432853843715486,2022
ESPIRITU_SANTO_BALLENA,2023,7482.93681069864,10.1652759734409,7,24,La Paz,0.271684207805638,0.263043478260873,64,24.2717,8.92038061566393,2.3189775960911,-0.677633041010406,0.00801572150190533,2023
ESPIRITU_SANTO_BALLENA,2024,17416.9341583462,28.8771052863623,4,24,La Paz,0.395934361789878,-0.00597826086956129,103,49.3217,9.76519823941496,3.36304907653434,0.167184582740623,-0.261006017628529,2024
ESPIRITU_SANTO_BALLENA,2025,38300.3856786991,34.411311152421,3,24,La Paz,0.648506125613856,0.722173913043482,137,76.7297,10.553215245058,3.53838532290272,0.955201588383627,0.467146156284514,2025
ESPIRITU_SANTO_ISLOTES_ESTE,1998,12771.7575097138,14.4634756251289,5,25,La Paz,0.767215869733776,0.798025362318825,118,68.0288,9.45499156756876,2.671626549199,-0.143022089105569,0.542997605559857,1998
ESPIRITU_SANTO_ISLOTES_ESTE,1999,15924.0024474949,28.9469525483057,4,25,La Paz,-0.315606048074443,-0.168822463768132,0,0,9.6755828378187,3.3654649324438,0.077569181144364,-0.4238502205271,1999
ESPIRITU_SANTO_ISLOTES_ESTE,2000,44388.1972298993,29.2035324186168,1,25,La Paz,-0.230298303948866,-0.115235507246392,20,7.9418,10.7007288849263,3.37428967519787,1.102715228252,-0.37026326400536,2000
ESPIRITU_SANTO_ISLOTES_ESTE,2001,19287.2226362938,24.874891933082,3,25,La Paz,-0.765743034375814,-0.914365942029001,2,0.634599999999999,9.86719811607774,3.21385893863651,0.269184459403407,-1.16939369878797,2001
ESPIRITU_SANTO_ISLOTES_ESTE,2002,41544.6944541807,28.4892458239248,2,25,La Paz,-0.43634577410184,-0.414583333333349,17,2.87960000000001,10.634525101497,3.34952667655273,1.03651144482268,-0.669611090092317,2002
ESPIRITU_SANTO_ISLOTES_ESTE,2003,8065.49043264531,8.13784889962155,3,25,La Paz,-0.208592349444306,-0.559365942029001,15,6.3616,8.99534979870987,2.09652588214509,-0.602663857964458,-0.814393698787969,2003
ESPIRITU_SANTO_ISLOTES_ESTE,2004,10649.6803842766,17.4342341166817,3,25,La Paz,-0.0677573203423083,0.275090579710129,0,0,9.27328515982119,2.85843575124086,-0.324728496853146,0.0200628229511614,2004
ESPIRITU_SANTO_ISLOTES_ESTE,2005,33888.7511435729,59.0406015186517,2,25,La Paz,-0.257058102868964,-0.274039855072479,17,5.16230000000001,10.4308384136292,4.07822536856436,0.832824756954855,-0.529067611831447,2005
ESPIRITU_SANTO_ISLOTES_ESTE,2006,16751.5940529684,13.7979353622575,3,25,La Paz,0.163462445076241,0.518623188405782,59,23.8209,9.72624870006649,2.62451896953964,0.128235043392156,0.263595431646814,2006
ESPIRITU_SANTO_ISLOTES_ESTE,2007,4776.31832093241,14.2656735713371,4,25,La Paz,-0.71889371930732,-1.04463768115944,0,0,8.47142530296289,2.65785620201107,-1.12658835371144,-1.29966543791841,2007
ESPIRITU_SANTO_ISLOTES_ESTE,2009,9455.91684969957,12.0861798463957,3,25,La Paz,0.0314350478159677,-0.0812681159420447,27,12.35,9.15439594621673,2.49206263838431,-0.4436177104576,-0.336295872701012,2009
ESPIRITU_SANTO_ISLOTES_ESTE,2010,17609.288064813,14.5662552409825,3,25,La Paz,-0.168510157663484,-0.729800724637697,17,7.6014,9.77618177278052,2.67870756870841,0.178168116106185,-0.984828481396665,2010
ESPIRITU_SANTO_ISLOTES_ESTE,2011,14603.4610991607,11.8875496954435,2,25,La Paz,-0.0711676919100588,0.754764492753607,58,31.4092,9.58901384118812,2.47549160834172,-0.00899981548621653,0.499736735994639,2011
ESPIRITU_SANTO_ISLOTES_ESTE,2012,4701.79132267793,6.73603509158779,3,25,La Paz,-0.235598850396954,-0.04599637681161,24,14.398,8.45569884757028,1.90747148648521,-1.14231480910405,-0.301024133570578,2012
ESPIRITU_SANTO_ISLOTES_ESTE,2013,2287.21964572523,2.35962329730419,1,25,La Paz,-0.37289371930732,-0.274963768115958,0,0,7.73509223039288,0.858501986510565,-1.86292142628145,-0.529991524874926,2013
ESPIRITU_SANTO_ISLOTES_ESTE,2014,10512.5370090236,11.068155492135,4,25,La Paz,0.964914499870762,1.39846014492752,156,110.8446,9.26032382475288,2.40407211062749,-0.337689831921457,1.14343238816855,2014
ESPIRITU_SANTO_ISLOTES_ESTE,2015,5450.38993255525,7.73562506245807,3,25,La Paz,1.23411997932282,1.33324275362317,189,138.1761,8.60344243235575,2.04583629038623,-0.994571224318582,1.0782149968642,2015
ESPIRITU_SANTO_ISLOTES_ESTE,2016,22020.8198587408,26.9605269323807,2,25,La Paz,0.8711771058872,0.382155797101434,176,109.6315,9.99974364204227,3.29437383082272,0.401729985367938,0.127128040342466,2016
ESPIRITU_SANTO_ISLOTES_ESTE,2017,6470.99006699186,8.36954986933472,4,25,La Paz,0.405818609459803,0.200634057970999,57,22.7339,8.77508440005251,2.12460010400323,-0.822929256621821,-0.0543936987879687,2017
ESPIRITU_SANTO_ISLOTES_ESTE,2018,15629.6816340506,23.9247893420143,3,25,La Paz,0.371270664254324,0.403351449275347,50,28.6327,9.65692705430536,3.17491513236877,0.0589133976310272,0.148323692516379,2018
ESPIRITU_SANTO_ISLOTES_ESTE,2019,31149.3426492828,30.7207782824149,3,25,La Paz,0.114996691651585,-0.193931159420306,9,3.09049999999999,10.3465484212412,3.42493924267258,0.748534764566845,-0.448958916179274,2019
ESPIRITU_SANTO_ISLOTES_ESTE,2022,8233.54381409588,7.75437709357614,4,25,La Paz,0.187188472473503,-0.116974637681175,46,19.3524,9.01597179808628,2.04825747020141,-0.582041858588053,-0.372002394440143,2022
ESPIRITU_SANTO_ISLOTES_ESTE,2023,11715.4113271318,10.1720693873801,2,25,La Paz,0.292996691651585,0.326177536231868,66,24.7006,9.36866046147633,2.31964566894637,-0.229353195198005,0.0711497794729004,2023
ESPIRITU_SANTO_ISLOTES_ESTE,2024,3049.30118212797,6.28806374513208,3,25,La Paz,0.479209892772445,0.069166666666651,114,65.1605,8.02266772273554,1.83865319266014,-1.57534593393879,-0.185861090092317,2024
ESPIRITU_SANTO_ISLOTES_NORTE,1998,8932.80595652327,14.1448028529821,10,25,La Paz,0.767215869733776,0.798025362318825,118,68.0288,9.09748584137068,2.64934726708002,-0.500527815303657,0.542997605559857,1998
ESPIRITU_SANTO_ISLOTES_NORTE,1999,16873.620399233,14.4189896505157,12,25,La Paz,-0.315606048074443,-0.168822463768132,0,0,9.73350675827915,2.66854606355712,0.135493101604821,-0.4238502205271,1999
ESPIRITU_SANTO_ISLOTES_NORTE,2000,56742.1543824509,45.6254692110883,9,25,La Paz,-0.230298303948866,-0.115235507246392,20,7.9418,10.946272677019,3.82046609592842,1.34825902034469,-0.37026326400536,2000
ESPIRITU_SANTO_ISLOTES_NORTE,2001,27923.5655299258,15.4893412879681,8,25,La Paz,-0.765743034375814,-0.914365942029001,2,0.634599999999999,10.2372262539493,2.74015212853864,0.639212597274927,-1.16939369878797,2001
ESPIRITU_SANTO_ISLOTES_NORTE,2002,36432.9945254765,30.2692415723817,10,25,La Paz,-0.43634577410184,-0.414583333333349,17,2.87960000000001,10.5032300860611,3.41013206729792,0.905216429386719,-0.669611090092317,2002
ESPIRITU_SANTO_ISLOTES_NORTE,2003,30634.0895858124,27.6897959708534,8,25,La Paz,-0.208592349444306,-0.559365942029001,15,6.3616,10.3298687066118,3.32106396882251,0.731855049937494,-0.814393698787969,2003
ESPIRITU_SANTO_ISLOTES_NORTE,2004,54085.2822595246,31.2514583522168,11,25,La Paz,-0.0677573203423083,0.275090579710129,0,0,10.8983173808642,3.44206604236447,1.30030372418987,0.0200628229511614,2004
ESPIRITU_SANTO_ISLOTES_NORTE,2005,11365.4239404219,13.676100684799,8,25,La Paz,-0.257058102868964,-0.274039855072479,17,5.16230000000001,9.33833103787178,2.61564983390256,-0.259682618802549,-0.529067611831447,2005
ESPIRITU_SANTO_ISLOTES_NORTE,2006,12895.626317814,9.37878758596276,6,25,La Paz,0.163462445076241,0.518623188405782,59,23.8209,9.46464348773027,2.23845049943611,-0.133370168944062,0.263595431646814,2006
ESPIRITU_SANTO_ISLOTES_NORTE,2007,8996.83543102326,11.0832621626454,8,25,La Paz,-0.71889371930732,-1.04463768115944,0,0,9.10462817571079,2.40543605699768,-0.493385480963546,-1.29966543791841,2007
ESPIRITU_SANTO_ISLOTES_NORTE,2008,31662.5514180195,30.1639748544123,8,25,La Paz,-0.557784642746679,-0.281594202898566,11,4.97700000000001,10.3628899182492,3.40664832671097,0.764876261574885,-0.536621959657534,2008
ESPIRITU_SANTO_ISLOTES_NORTE,2009,18039.1684861265,15.116688325338,8,25,La Paz,0.0314350478159677,-0.0812681159420447,27,12.35,9.80030069976753,2.71579932065968,0.2022870430932,-0.336295872701012,2009
ESPIRITU_SANTO_ISLOTES_NORTE,2010,25434.9894396847,9.73797893913257,7,25,La Paz,-0.168510157663484,-0.729800724637697,17,7.6014,10.1438810420684,2.27603359500736,0.545867385394111,-0.984828481396665,2010
ESPIRITU_SANTO_ISLOTES_NORTE,2011,8396.59956807706,7.61603100545996,4,25,La Paz,-0.0711676919100588,0.754764492753607,58,31.4092,9.03558208954821,2.03025536857584,-0.56243156712612,0.499736735994639,2011
ESPIRITU_SANTO_ISLOTES_NORTE,2012,5167.00685262888,5.99823136353522,8,25,La Paz,-0.235598850396954,-0.04599637681161,24,14.398,8.55004885451601,1.7914646530299,-1.04796480215832,-0.301024133570578,2012
ESPIRITU_SANTO_ISLOTES_NORTE,2013,6445.58113410221,6.81103547464642,8,25,La Paz,-0.37289371930732,-0.274963768115958,0,0,8.77115007951663,1.91854416067998,-0.826863577157699,-0.529991524874926,2013
ESPIRITU_SANTO_ISLOTES_NORTE,2014,4722.64109587928,4.5873972121879,7,25,La Paz,0.964914499870762,1.39846014492752,156,110.8446,8.46012347629923,1.52331280706709,-1.1378901803751,1.14343238816855,2014
ESPIRITU_SANTO_ISLOTES_NORTE,2015,5328.73517088413,5.96597269659275,8,25,La Paz,1.23411997932282,1.33324275362317,189,138.1761,8.58086918522481,1.7860721095807,-1.01714447144952,1.0782149968642,2015
ESPIRITU_SANTO_ISLOTES_NORTE,2016,26214.1189448237,25.1016290760752,8,25,La Paz,0.8711771058872,0.382155797101434,176,109.6315,10.1740534356234,3.22293274746089,0.576039778949037,0.127128040342466,2016
ESPIRITU_SANTO_ISLOTES_NORTE,2017,9426.05356654023,9.38886706937086,8,25,La Paz,0.405818609459803,0.200634057970999,57,22.7339,9.15123279031712,2.23952463305187,-0.446780866357214,-0.0543936987879687,2017
ESPIRITU_SANTO_ISLOTES_NORTE,2018,16143.7442390051,16.0314288793552,8,25,La Paz,0.371270664254324,0.403351449275347,50,28.6327,9.68928789998804,2.7745511004752,0.0912742433137037,0.148323692516379,2018
ESPIRITU_SANTO_ISLOTES_NORTE,2019,19755.3494741272,18.9003611327085,8,25,La Paz,0.114996691651585,-0.193931159420306,9,3.09049999999999,9.89117959310295,2.93918102943377,0.293165936428617,-0.448958916179274,2019
ESPIRITU_SANTO_ISLOTES_NORTE,2022,13579.030012224,9.24189701529401,8,25,La Paz,0.187188472473503,-0.116974637681175,46,19.3524,9.51628197089033,2.22374716926697,-0.0817316857840016,-0.372002394440143,2022
ESPIRITU_SANTO_ISLOTES_NORTE,2023,5542.9272669389,5.02329583392133,7,25,La Paz,0.292996691651585,0.326177536231868,66,24.7006,8.62027802772789,1.61408625889691,-0.977735628946444,0.0711497794729004,2023
ESPIRITU_SANTO_ISLOTES_NORTE,2024,12108.6613161585,20.1428885202385,7,25,La Paz,0.479209892772445,0.069166666666651,114,65.1605,9.40167628676692,3.00285129906398,-0.196337369907413,-0.185861090092317,2024
ESPIRITU_SANTO_ISLOTES_NORTE,2025,5795.86554605564,7.00037668121074,6,25,La Paz,0.682695321788571,0.70775362318839,149,85.6188,8.66490010545854,1.94596395920906,-0.933113551215797,0.452725866429422,2025
ESPIRITU_SANTO_PAILEBOTE,1998,25835.3852342265,31.8646148571225,5,25,La Paz,0.767215869733776,0.798025362318825,118,68.0288,10.1595003519407,3.4614961419875,0.561486695266398,0.542997605559857,1998
ESPIRITU_SANTO_PAILEBOTE,1999,22592.2844630392,21.5011354369895,5,25,La Paz,-0.315606048074443,-0.168822463768132,0,0,10.0253637315309,3.06810574476193,0.427350074856609,-0.4238502205271,1999
ESPIRITU_SANTO_PAILEBOTE,2000,25766.5150950588,19.0686973210171,4,25,La Paz,-0.230298303948866,-0.115235507246392,20,7.9418,10.1568310634215,2.94804810689716,0.558817406747156,-0.37026326400536,2000
ESPIRITU_SANTO_PAILEBOTE,2001,42187.4774710898,26.2208282184511,5,25,La Paz,-0.765743034375814,-0.914365942029001,2,0.634599999999999,10.6498787135961,3.26655406511552,1.0518650569218,-1.16939369878797,2001
ESPIRITU_SANTO_PAILEBOTE,2002,50699.2677102475,32.4255143392346,5,25,La Paz,-0.43634577410184,-0.414583333333349,17,2.87960000000001,10.8336667458901,3.47894559250491,1.23565308921577,-0.669611090092317,2002
ESPIRITU_SANTO_PAILEBOTE,2003,22577.724243728,11.8635760181242,4,25,La Paz,-0.208592349444306,-0.559365942029001,15,6.3616,10.0247190462527,2.47347286735654,0.426705389578375,-0.814393698787969,2003
ESPIRITU_SANTO_PAILEBOTE,2004,16846.2375441,26.2010190873079,3,25,La Paz,-0.0677573203423083,0.275090579710129,0,0,9.73188261969599,3.26579830647274,0.133868963021657,0.0200628229511614,2004
ESPIRITU_SANTO_PAILEBOTE,2005,12253.7903552614,15.5021760976257,4,25,La Paz,-0.257058102868964,-0.274039855072479,17,5.16230000000001,9.41359058486941,2.74098040746618,-0.184423071804918,-0.529067611831447,2005
ESPIRITU_SANTO_PAILEBOTE,2006,17228.1768625621,17.6035511877393,3,25,La Paz,0.163462445076241,0.518623188405782,59,23.8209,9.75430151211632,2.86810065372151,0.156287855441988,0.263595431646814,2006
ESPIRITU_SANTO_PAILEBOTE,2007,28875.377479906,29.0481118570193,4,25,La Paz,-0.71889371930732,-1.04463768115944,0,0,10.2707445206358,3.36895348486954,0.67273086396149,-1.29966543791841,2007
ESPIRITU_SANTO_PAILEBOTE,2008,23399.312937795,22.228680841916,4,25,La Paz,-0.557784642746679,-0.281594202898566,11,4.97700000000001,10.060461939282,3.10138338487103,0.462448282607705,-0.536621959657534,2008
ESPIRITU_SANTO_PAILEBOTE,2009,23223.6746834752,17.8447545672718,4,25,La Paz,0.0314350478159677,-0.0812681159420447,27,12.35,10.0529274978332,2.88170960326233,0.454913841158824,-0.336295872701012,2009
ESPIRITU_SANTO_PAILEBOTE,2010,35933.0296231394,32.2050615931339,4,25,La Paz,-0.168510157663484,-0.729800724637697,17,7.6014,10.489412196707,3.47212363253029,0.891398540032661,-0.984828481396665,2010
ESPIRITU_SANTO_PAILEBOTE,2011,12451.6123379333,11.7727532485216,4,25,La Paz,-0.0711676919100588,0.754764492753607,58,31.4092,9.42960539856268,2.46578781477691,-0.168408258111651,0.499736735994639,2011
ESPIRITU_SANTO_PAILEBOTE,2012,10010.3408236018,11.5028251222279,2,25,La Paz,-0.235598850396954,-0.04599637681161,24,14.398,9.21137392004151,2.44259266800147,-0.386639736632826,-0.301024133570578,2012
ESPIRITU_SANTO_PAILEBOTE,2013,6696.62584627985,6.43977846241977,4,25,La Paz,-0.37289371930732,-0.274963768115958,0,0,8.80935907349459,1.86249413927918,-0.788654583179739,-0.529991524874926,2013
ESPIRITU_SANTO_PAILEBOTE,2014,17964.4057884214,18.5394126448888,4,25,La Paz,0.964914499870762,1.39846014492752,156,110.8446,9.79614762293165,2.91989887920916,0.198133966257316,1.14343238816855,2014
ESPIRITU_SANTO_PAILEBOTE,2015,10537.3339034148,14.5304207610107,4,25,La Paz,1.23411997932282,1.33324275362317,189,138.1761,9.26267983975787,2.67624443525037,-0.33533381691646,1.0782149968642,2015
ESPIRITU_SANTO_PAILEBOTE,2016,12526.7108287007,13.3909073846991,2,25,La Paz,0.8711771058872,0.382155797101434,176,109.6315,9.43561850973491,2.59457592325466,-0.162395146939424,0.127128040342466,2016
ESPIRITU_SANTO_PAILEBOTE,2017,16932.2772282458,15.6930160193123,4,25,La Paz,0.405818609459803,0.200634057970999,57,22.7339,9.73697697454279,2.75321577384956,0.138963317868461,-0.0543936987879687,2017
ESPIRITU_SANTO_PAILEBOTE,2018,26985.0677740743,22.625559269712,8,25,La Paz,0.371270664254324,0.403351449275347,50,28.6327,10.2030389465958,3.11908020838377,0.605025289921462,0.148323692516379,2018
ESPIRITU_SANTO_PAILEBOTE,2019,14709.6429095838,14.082231846462,8,25,La Paz,0.114996691651585,-0.193931159420306,9,3.09049999999999,9.59625853794963,2.64491384999081,-0.00175511872470757,-0.448958916179274,2019
ESPIRITU_SANTO_PAILEBOTE,2022,14881.0970638502,14.8851008214183,4,25,La Paz,0.187188472473503,-0.116974637681175,46,19.3524,9.60784703307864,2.70036076780176,0.00983337640430548,-0.372002394440143,2022
ESPIRITU_SANTO_PAILEBOTE,2024,33913.0738823401,35.4663145716036,4,25,La Paz,0.479209892772445,0.069166666666651,114,65.1605,10.4315558792668,3.56858336069778,0.833542222592431,-0.185861090092317,2024
ESPIRITU_SANTO_PAILEBOTE,2025,14278.145337947,12.081940404203,5,25,La Paz,0.682695321788571,0.70775362318839,149,85.6188,9.56648534916363,2.49171180909413,-0.0315283075107029,0.452725866429422,2025
ESPIRITU_SANTO_PARTIDA_NORESTE,1998,31998.9245035646,37.4021272167626,5,25,La Paz,0.767215869733776,0.798025362318825,118,68.0288,10.3734575719535,3.62172758025657,0.775443915279121,0.542997605559857,1998
ESPIRITU_SANTO_PARTIDA_NORESTE,1999,16513.0835231061,20.3386005212249,10,25,La Paz,-0.315606048074443,-0.168822463768132,0,0,9.71190828647152,3.01252058398706,0.113894629797189,-0.4238502205271,1999
ESPIRITU_SANTO_PARTIDA_NORESTE,2000,21768.5594044511,15.1203315598965,6,25,La Paz,-0.230298303948866,-0.115235507246392,20,7.9418,9.98822197861006,2.71604029907554,0.390208321935724,-0.37026326400536,2000
ESPIRITU_SANTO_PARTIDA_NORESTE,2002,32067.9456405802,14.9229772996949,5,25,La Paz,-0.43634577410184,-0.414583333333349,17,2.87960000000001,10.3756122320317,2.70290212578587,0.777598575357356,-0.669611090092317,2002
ESPIRITU_SANTO_PARTIDA_NORESTE,2003,23482.008811222,16.276021126439,4,25,La Paz,-0.208592349444306,-0.559365942029001,15,6.3616,10.0639898244231,2.78969292815034,0.465976167748782,-0.814393698787969,2003
ESPIRITU_SANTO_PARTIDA_NORESTE,2004,11786.0367059647,22.1227259605673,3,25,La Paz,-0.0677573203423083,0.275090579710129,0,0,9.374670779763,3.09660540416833,-0.223342876911333,0.0200628229511614,2004
ESPIRITU_SANTO_PARTIDA_NORESTE,2005,10045.2711572132,12.1286529550882,4,25,La Paz,-0.257058102868964,-0.274039855072479,17,5.16230000000001,9.2148572711319,2.49557066609591,-0.38315638554243,-0.529067611831447,2005
ESPIRITU_SANTO_PARTIDA_NORESTE,2006,13048.7260725864,8.75438813298188,3,25,La Paz,0.163462445076241,0.518623188405782,59,23.8209,9.47644578902691,2.16955507557218,-0.121567867647427,0.263595431646814,2006
ESPIRITU_SANTO_PARTIDA_NORESTE,2007,18998.7997646141,10.2044086676154,4,25,La Paz,-0.71889371930732,-1.04463768115944,0,0,9.85213108586978,2.3228198492243,0.25411742919545,-1.29966543791841,2007
ESPIRITU_SANTO_PARTIDA_NORESTE,2008,32684.0016518139,19.4702470292111,4,25,La Paz,-0.557784642746679,-0.281594202898566,11,4.97700000000001,10.3946409910435,2.9688875069878,0.79662733436918,-0.536621959657534,2008
ESPIRITU_SANTO_PARTIDA_NORESTE,2009,15814.1930650928,10.8767154505757,4,25,La Paz,0.0314350478159677,-0.0812681159420447,27,12.35,9.66866311104837,2.38662430711637,0.0706494543740348,-0.336295872701012,2009
ESPIRITU_SANTO_PARTIDA_NORESTE,2010,31822.0989897198,23.9133953208286,11,25,La Paz,-0.168510157663484,-0.729800724637697,17,7.6014,10.3679162641952,3.17443877560559,0.769902607520823,-0.984828481396665,2010
ESPIRITU_SANTO_PARTIDA_NORESTE,2011,9080.83500060957,6.58157446106086,2,25,La Paz,-0.0711676919100588,0.754764492753607,58,31.4092,9.1139214277868,1.88427399651086,-0.484092228887537,0.499736735994639,2011
ESPIRITU_SANTO_PARTIDA_NORESTE,2012,4899.36634217148,4.68729225659367,4,25,La Paz,-0.235598850396954,-0.04599637681161,24,14.398,8.49686115781225,1.54485507172108,-1.10115249886208,-0.301024133570578,2012
ESPIRITU_SANTO_PARTIDA_NORESTE,2013,6190.42136941796,6.96819181531376,8,25,La Paz,-0.37289371930732,-0.274963768115958,0,0,8.73075843596568,1.94135576720142,-0.867255220708655,-0.529991524874926,2013
ESPIRITU_SANTO_PARTIDA_NORESTE,2014,8801.79680642599,14.5781241515629,8,25,La Paz,0.964914499870762,1.39846014492752,156,110.8446,9.08271116217229,2.67952205928834,-0.515302494502047,1.14343238816855,2014
ESPIRITU_SANTO_PARTIDA_NORESTE,2015,8208.93572417392,5.64150801485115,4,25,La Paz,1.23411997932282,1.33324275362317,189,138.1761,9.01297856239605,1.73015140829041,-0.585035094278281,1.0782149968642,2015
ESPIRITU_SANTO_PARTIDA_NORESTE,2016,10011.1427067203,9.62455544505632,4,25,La Paz,0.8711771058872,0.382155797101434,176,109.6315,9.21145402230943,2.26431769158056,-0.386559634364907,0.127128040342466,2016
ESPIRITU_SANTO_PARTIDA_NORESTE,2017,10630.8418364297,10.9967734358439,8,25,La Paz,0.405818609459803,0.200634057970999,57,22.7339,9.2715146625963,2.39760190575627,-0.326498994078031,-0.0543936987879687,2017
ESPIRITU_SANTO_PARTIDA_NORESTE,2018,40831.4243528464,28.4274885462453,4,25,La Paz,0.371270664254324,0.403351449275347,50,28.6327,10.6172072686634,3.34735658360558,1.0191936119891,0.148323692516379,2018
ESPIRITU_SANTO_PARTIDA_NORESTE,2019,18250.9914785616,22.4307134326752,8,25,La Paz,0.114996691651585,-0.193931159420306,9,3.09049999999999,9.81197468512737,3.11043115510052,0.213961028453033,-0.448958916179274,2019
ESPIRITU_SANTO_PARTIDA_NORESTE,2022,22610.146161809,16.02569870017,8,25,La Paz,0.187188472473503,-0.116974637681175,46,19.3524,10.0261540297274,2.77419360249089,0.428140373053083,-0.372002394440143,2022
ESPIRITU_SANTO_PARTIDA_NORESTE,2024,16693.2190770517,25.1052324372335,8,25,La Paz,0.479209892772445,0.069166666666651,114,65.1605,9.72275787265663,3.22307628804701,0.1247442159823,-0.185861090092317,2024
ESPIRITU_SANTO_PARTIDA_NORESTE,2025,27750.0476858487,31.3089315875679,4,25,La Paz,0.682695321788571,0.70775362318839,149,85.6188,10.2309928375821,3.44390341107573,0.632979180907734,0.452725866429422,2025
ESPIRITU_SANTO_PUNTA_LOBOS,1998,24639.7977079828,25.2763245447156,5,24,La Paz,0.798670509175499,0.833043478260874,122,68.9853,10.1121182077105,3.22986816886342,0.514104551036128,0.578015721501906,1998
ESPIRITU_SANTO_PUNTA_LOBOS,1999,24946.7964290459,24.7011743339536,5,24,La Paz,-0.253411682605322,-0.140706521739127,0,0,10.1245006932983,3.20685078638852,0.526487036623953,-0.395734278498095,1999
ESPIRITU_SANTO_PUNTA_LOBOS,2000,18083.202144703,12.2754255397212,4,24,La Paz,-0.19420225023198,-0.0663586956521703,21,6.7917,9.80273872803748,2.50759934026675,0.204725071363148,-0.321386452411138,2000
ESPIRITU_SANTO_PUNTA_LOBOS,2001,28266.8169035102,19.5420662435994,5,24,La Paz,-0.770288394934088,-0.936032608695648,2,0.661000000000001,10.2494438480804,2.97256938532295,0.651430191406099,-1.19106036545462,2001
ESPIRITU_SANTO_PUNTA_LOBOS,2002,18570.2919674407,9.12150561473656,5,24,La Paz,-0.442206203153267,-0.408858695652169,13,2.0126,9.82931837675631,2.21063487979565,0.231304720081976,-0.663886452411137,2002
ESPIRITU_SANTO_PUNTA_LOBOS,2003,26448.1413019692,16.4135098261838,4,24,La Paz,-0.168069216851897,-0.524673913043474,10,4.6622,10.18294116268,2.79810476560722,0.584927506005638,-0.779701669802442,2003
ESPIRITU_SANTO_PUNTA_LOBOS,2004,4032.02995989575,8.0065505516468,3,24,La Paz,-0.106360720177335,0.236521739130439,0,0,8.3020252402533,2.08026002558633,-1.29598841642103,-0.0185060176285287,2004
ESPIRITU_SANTO_PUNTA_LOBOS,2006,18344.5966745109,18.8390754367756,3,24,La Paz,0.21508146807961,0.569021739130439,59,24.6952,9.81709035096639,2.9359331934629,0.219076694292058,0.313993982371471,2006
ESPIRITU_SANTO_PUNTA_LOBOS,2007,25260.623567573,28.0585642422451,4,24,La Paz,-0.767877436029979,-1.06152173913043,0,0,10.1370020815686,3.33429390594701,0.538988424894299,-1.3165494958894,2007
ESPIRITU_SANTO_PUNTA_LOBOS,2008,25836.6398303849,23.6779587967789,4,24,La Paz,-0.527016457882253,-0.245380434782605,11,3.81170000000001,10.1595489119171,3.16454460684007,0.561535255242788,-0.500408191541573,2008
ESPIRITU_SANTO_PUNTA_LOBOS,2009,16629.7347136229,14.8489269193297,4,24,La Paz,0.0691088653398841,-0.0199456521739091,26,10.7607,9.7189476197821,2.69792760131313,0.120933963107767,-0.274973408932877,2009
ESPIRITU_SANTO_PUNTA_LOBOS,2010,9704.62720656272,11.4255185903739,4,24,La Paz,-0.210863737399842,-0.745326086956518,13,4.2182,9.18035808235247,2.43584932659249,-0.417655574321859,-1.00035384371549,2010
ESPIRITU_SANTO_PUNTA_LOBOS,2011,10633.9868319449,8.82312566487353,4,24,La Paz,-0.064178805892993,0.733586956521743,46,27.7887,9.27181045576607,2.17737619101211,-0.326203200908266,0.478559199762775,2011
ESPIRITU_SANTO_PUNTA_LOBOS,2012,3404.67898412667,4.94597602070738,4,24,La Paz,-0.21059569285493,0.029782608695656,34,15.5179,8.13290593634966,1.59857432086818,-1.46510772032467,-0.225245148063312,2012
ESPIRITU_SANTO_PUNTA_LOBOS,2013,10904.4118679289,9.30673242131622,4,24,La Paz,-0.41037058671491,-0.335380434782605,0,0,9.29692274485019,2.23073805452878,-0.301090911824142,-0.590408191541573,2013
ESPIRITU_SANTO_PUNTA_LOBOS,2014,8520.7866345099,12.1794927605114,4,24,La Paz,0.975793796846733,1.43021739130435,167,106.8138,9.05026394355551,2.49975361613635,-0.547749713118819,1.17518963454538,2014
ESPIRITU_SANTO_PUNTA_LOBOS,2015,4704.00500401044,8.27713945425495,4,24,La Paz,1.23097187903851,1.36152173913044,185,133.733,8.45616955335563,2.11349743216714,-1.14184410331871,1.10649398237147,2015
ESPIRITU_SANTO_PUNTA_LOBOS,2016,8887.66161871103,6.07191563626821,2,24,La Paz,0.798666602227037,0.276684782608699,181,106.7015,9.09241925889254,1.80367414610158,-0.505594397781792,0.0216570258497313,2016
ESPIRITU_SANTO_PUNTA_LOBOS,2017,6303.96025477005,6.52018706988638,4,24,La Paz,0.402533522874131,0.191195652173917,50,22.1122,8.74893332675421,1.87490306722733,-0.849080329920126,-0.0638321045850507,2017
ESPIRITU_SANTO_PUNTA_LOBOS,2018,18707.9616361596,17.3227309976241,8,24,La Paz,0.321382837942623,0.37309782608696,55,25.8419,9.8367044681787,2.85201956955094,0.238690811504366,0.118070069327992,2018
ESPIRITU_SANTO_PUNTA_LOBOS,2019,17756.5040917634,15.967681183099,8,24,La Paz,0.0685335228741306,-0.29885869565217,27,6.94299999999999,9.78450715549031,2.7705667533815,0.186493498815976,-0.553886452411138,2019
ESPIRITU_SANTO_PUNTA_LOBOS,2022,12406.3727793884,11.5983248590591,4,24,La Paz,0.190752700956322,-0.177826086956518,53,23.9875,9.42596555339601,2.45086067898257,-0.172048103278318,-0.432853843715486,2022
ESPIRITU_SANTO_PUNTA_LOBOS,2023,20808.0171256091,18.6751029755193,7,24,La Paz,0.271684207805638,0.263043478260873,64,24.2717,9.94309363015819,2.92719124508771,0.345079973483859,0.00801572150190533,2023
ESPIRITU_SANTO_PUNTA_LOBOS,2024,22150.3439409908,27.936651280136,8,24,La Paz,0.395934361789878,-0.00597826086956129,103,49.3217,10.0056083031627,3.32993949267782,0.407594646488365,-0.261006017628529,2024
ESPIRITU_SANTO_SOANY,2009,42916.0024913984,27.1148375006372,4,24,La Paz,0.0691088653398841,-0.0199456521739091,26,10.7607,10.6670000538095,3.30008108730576,1.06898639713521,-0.274973408932877,2009
ESPIRITU_SANTO_SOANY,2012,9478.83512327153,9.85878911320406,2,24,La Paz,-0.21059569285493,0.029782608695656,34,15.5179,9.156816710407,2.28836335308155,-0.441196946267331,-0.225245148063312,2012
ESPIRITU_SANTO_SOANY,2013,11933.2236056619,15.8348546799546,4,24,La Paz,-0.41037058671491,-0.335380434782605,0,0,9.38708168862214,2.76221350280638,-0.210931968052192,-0.590408191541573,2013
ESPIRITU_SANTO_SOANY,2018,41142.5192629582,59.1481380290396,4,24,La Paz,0.321382837942623,0.37309782608696,55,25.8419,10.6247973976704,4.08004511112994,1.02678374099606,0.118070069327992,2018
ESPIRITU_SANTO_SOANY,2019,13843.29304722,19.6295673713236,4,24,La Paz,0.0685335228741306,-0.29885869565217,27,6.94299999999999,9.53555613780702,2.97703696888726,-0.062457518867312,-0.553886452411138,2019
ESPIRITU_SANTO_SOANY,2023,6943.48992888588,4.44374252379858,3,24,La Paz,0.271684207805638,0.263043478260873,64,24.2717,8.84555979870069,1.4914969321598,-0.752453857973643,0.00801572150190533,2023
ESPIRITU_SANTO_SOANY,2025,37084.9930162343,65.4815974334261,9,24,La Paz,0.648506125613856,0.722173913043482,137,76.7297,10.5209676658528,4.18176914795103,0.922954009178504,0.467146156284514,2025
GAVILANES_CABO_PULMO,2009,42153.3866846335,30.6678073493807,4,23,Cabo Pulmo,0.519435426897558,0.43976268115942,64,35.0246,10.6490703085921,3.42321348386463,1.05105665191779,0.184734924400452,2009
GAVILANES_CABO_PULMO,2010,4984.97189548084,6.43493617405645,4,23,Cabo Pulmo,-0.0739892306366885,-0.376922101449276,19,4.3091,8.51418304456276,1.86174192243736,-1.08383061211157,-0.631949858208244,2010
GAVILANES_CABO_PULMO,2011,3126.72119670421,8.13129835202603,4,23,Cabo Pulmo,0.00620255018522805,0.74976268115942,66,23.9319,8.04774019349059,2.0957206097054,-1.55027346318374,0.494734924400452,2011
GAVILANES_CABO_PULMO,2012,12977.398030422,18.5040606389815,4,23,Cabo Pulmo,-0.0544181960339596,0.0826431159420287,27,9.1107,9.47096451025746,2.917990201998,-0.127049146416876,-0.172384640816939,2012
GAVILANES_CABO_PULMO,2013,10703.5195167113,14.4215150074357,4,23,Cabo Pulmo,-0.405386490910662,-0.280400362318841,0,0,9.27832789316089,2.66872118926705,-0.319685763513446,-0.535428119077809,2013
GAVILANES_CABO_PULMO,2014,28660.0900400903,48.2527364271329,4,23,Cabo Pulmo,0.916832687171531,1.0377518115942,148,98.5037999999999,10.2632608430412,3.87645253969255,0.665247186366898,0.782724054835232,2014
GAVILANES_CABO_PULMO,2015,5000.04342668164,8.67182078690309,4,23,Cabo Pulmo,1.12154501593865,1.09095833333333,184,102.0522,8.51720187671485,2.16007877876686,-1.08081177995949,0.835930576574362,2015
GAVILANES_CABO_PULMO,2016,3649.57686897593,6.36025220330627,4,23,Cabo Pulmo,0.955144645496095,0.654980072463768,183,128.3095,8.2023665135486,1.85006803117371,-1.39564714312573,0.3999523157048,2016
GAVILANES_CABO_PULMO,2017,4676.72402235055,5.89622077897439,4,23,Cabo Pulmo,0.582668303609887,0.484653985507246,96,54.7904,8.4503531485764,1.77431159973793,-1.14766050809793,0.229626228748278,2017
GAVILANES_CABO_PULMO,2018,5674.09368330189,6.0895879597404,4,23,Cabo Pulmo,0.447462824157831,0.478675724637681,72,36.555,8.64366612621273,1.80658042093375,-0.9543475304616,0.223647967878713,2018
GAVILANES_CABO_PULMO,2019,21142.9799674828,33.0085231330246,2,23,Cabo Pulmo,0.210723098130435,-0.125400362318841,32,10.1318,9.9590632129469,3.4967658048771,0.361049556272569,-0.380428119077809,2019
GAVILANES_CABO_PULMO,2021,3377.31991726775,5.27450902903296,4,23,Cabo Pulmo,0.621325837856463,0.920958333333332,95,64.8118,8.12483775006136,1.66288559996554,-1.47317590661297,0.665930576574364,2021
GAVILANES_CABO_PULMO,2022,9315.96726818251,12.2205062300392,4,23,Cabo Pulmo,0.182942276212627,0.0410670289855068,52,24.5087,9.13948511749253,2.50311537923885,-0.458528539181801,-0.213960727773461,2022
GIORGIO,2009,12632.4802872558,7.48361105171041,3,23,Los Cabos,0.532061686913073,0.505793478260878,77,36.9149,9.44402657668638,2.01271543641867,-0.153987079987955,0.25076572150191,2009
GIORGIO,2010,5326.46793623726,9.62884709091596,4,23,Los Cabos,-0.126897217196516,-0.414478260869557,28,11.1964,8.58044362136492,2.26476349807348,-1.01757003530941,-0.669506017628525,2010
GIORGIO,2011,4967.33692102588,9.3652873684766,4,23,Los Cabos,0.0918151115706078,0.975086956521747,68,30.4166,8.51063914470256,2.23701002079383,-1.08737451197177,0.72005919976278,2011
GIORGIO,2012,6103.34369186145,7.84564283553686,4,23,Los Cabos,-0.128290760215826,0.14198913043479,37,11.141,8.71659204619094,2.05995832489764,-0.88142161048339,-0.113038626324178,2012
GIORGIO,2013,7996.24483778216,10.3526399228671,4,23,Los Cabos,-0.512952011717064,-0.579097826086948,0,0,8.98672731518429,2.33724155219914,-0.61128634149004,-0.834125582845916,2013
GIORGIO,2014,12675.7637340459,13.9466564918272,4,23,Los Cabos,1.05967812526924,1.42492391304349,149,127.412,9.44744708179567,2.63523980153479,-0.150566574878667,1.16989615628452,2014
GIORGIO,2015,6942.89351691179,11.2607778947785,4,23,Los Cabos,1.39296579650211,1.4640543478261,237,109.369,8.84547389988092,2.42132570511913,-0.752539756793416,1.20902659106713,2015
GIORGIO,2016,4278.58902956726,6.04632661083839,4,23,Los Cabos,0.711190114101114,0.314978260869573,120,72.7031,8.36137856823511,1.79945091587708,-1.23663508843923,0.0599505041106053,2016
GIORGIO,2017,5012.95340396385,6.98291841561789,4,23,Los Cabos,0.274527440337731,0.333565217391313,54,26.5963,8.51978052218018,1.94346694051023,-1.07823313449415,0.0785374606323454,2017
GIORGIO,2018,9111.8863791622,11.4227860821162,4,23,Los Cabos,0.486171275954169,0.241608695652183,79,46.0997,9.11733503568604,2.43561013963224,-0.480678620988293,-0.0134190611067847,2018
GIORGIO,2019,5238.05198849901,6.74361824738168,4,23,Los Cabos,0.101184974584306,-0.545782608695644,59,26.2004,8.56370495027595,1.90859661283723,-1.03430870639839,-0.800810365454612,2019
GIORGIO,2021,9609.91860920657,11.8298261796836,5,23,Los Cabos,0.644472645817183,0.884489130434791,74,37.792,9.1705510325431,2.47062398470261,-0.427462624131232,0.629461373675824,2021
GIORGIO,2022,8922.87706435499,12.0788725705962,4,23,Los Cabos,0.242911001981566,-0.184097826086949,73,36.5132,9.09637371441591,2.49145785790248,-0.501639942258423,-0.439125582845917,2022
HABANA,2013,11336.2959122998,8.67148472746816,8,25,Corredor,-0.421454648057214,-0.313860507246387,7,1.9846,9.33576488479656,2.16004002497397,-0.26224877187777,-0.568888264005355,2013
HABANA,2014,17799.1888146051,19.1319849744665,8,25,Corredor,1.08240836564142,1.55874818840579,179,169.8133,9.78690816302853,2.95136154045639,0.188894506354201,1.30372043164682,2014
HABANA,2015,17535.2283649247,22.0767626540692,8,25,Corredor,1.43257274920306,1.59434601449274,247,210.0741,9.77196718586699,3.09452559173126,0.173953529192659,1.33931825773377,2015
HABANA,2016,18813.0744685959,14.6461210314303,8,25,Corredor,1.09011981690552,0.770759057971004,181,128.416,9.84230735756166,2.68417552439214,0.244293700887326,0.515731301212036,2016
HABANA,2017,14227.6373303695,11.1967097312129,8,25,Corredor,0.559011105367443,0.534672101449265,95,51.0123,9.56294164289033,2.41561996114216,-0.0350720137839993,0.279644344690297,2017
HABANA,2018,21927.9932742601,22.4608428611228,8,25,Corredor,0.341970009477032,0.297280797101439,49,21.7169,9.99551933126331,3.11177347581556,0.397505674588981,0.0422530403424713,2018
HABANA,2019,11697.0210241039,11.5822950002808,8,25,Corredor,0.321011105367444,0.115052536231873,33,12.286,9.36708947504192,2.44947763906123,-0.23092418163241,-0.139975220527095,2019
HABANA,2023,27354.1280860908,22.1682633290246,5,25,Corredor,0.32629877660032,0.244019927536222,88,30.523,10.2166227319666,3.09866168628048,0.618609075292238,-0.0110078292227457,2023
HABANA,2025,39193.0443726034,42.4649859646326,4,25,Corredor,0.628874119066073,0.4474438405797,140,89.7088,10.5762545705599,3.74867987671579,0.978240913885571,0.192416083820732,2025
ISLOTE_AGUA_VERDE,2013,68406.0634387032,56.7013564890036,8,26,Corredor,-0.18324564486948,0.247016304347821,53,28.609,11.1332167464464,4.03779813441585,1.53520308977208,-0.00801145241114667,2013
ISLOTE_AGUA_VERDE,2015,13885.1933798973,20.5584324929058,8,26,Corredor,1.52858997156888,1.68516847826086,272,264.8349,9.53857832689616,3.02327119706308,-0.0594353297781769,1.43014072150189,2015
ISLOTE_AGUA_VERDE,2016,10445.5845514853,13.1417418311906,8,26,Corredor,1.21683487988452,0.916201086956517,206,172.9638,9.25393463714326,2.57579356372258,-0.344079019531076,0.661173330197549,2016
ISLOTE_AGUA_VERDE,2017,45813.3468146585,29.0105778924204,8,26,Corredor,0.688233807185315,0.770114130434777,126,88.8791,10.7323307428163,3.36766051839062,1.13431708614201,0.515086373675809,2017
ISLOTE_AGUA_VERDE,2018,28418.7580104385,28.0732464833846,8,26,Corredor,0.20012421814422,0.15489673913043,54,24.49,10.2548046994449,3.3348170403795,0.656791042770548,-0.100131017628538,2018
ISLOTE_AGUA_VERDE,2019,30946.0456086175,40.3799397101487,4,26,Corredor,0.327274903075726,0.0283206521739079,31,11.8387,10.3400005028615,3.69833311982139,0.741986846187212,-0.22670710458506,2019
ISLOTE_AGUA_VERDE,2023,12986.8753295078,20.0853112191626,4,26,Corredor,0.336370793486685,0.247777173913038,85,47.4272,9.47169453642652,2.99998876279513,-0.126319120247816,-0.00725058284592967,2023
ISLOTE_AGUA_VERDE,2025,14590.8440891575,21.6621721045685,11,26,Corredor,0.720151615404494,0.577233695652168,140,104.7292,9.58814949379521,3.07556751838099,-0.00986416287912206,0.3222059388932,2025
ISLOTE_CABO_PULMO,2009,24651.3245715966,27.5483524817229,5,23,Cabo Pulmo,0.519435426897558,0.43976268115942,64,35.0246,10.1125859131832,3.31594273278438,0.51457225650887,0.184734924400452,2009
ISLOTE_CABO_PULMO,2010,14512.215799799,25.6798114956822,4,23,Cabo Pulmo,-0.0739892306366885,-0.376922101449276,19,4.3091,9.58274604268254,3.245705138284,-0.0152676139917922,-0.631949858208244,2010
ISLOTE_CABO_PULMO,2011,11646.5229844113,17.8914963227696,4,23,Cabo Pulmo,0.00620255018522805,0.74976268115942,66,23.9319,9.3627629581732,2.88432553420016,-0.235250698501131,0.494734924400452,2011
ISLOTE_CABO_PULMO,2012,24284.9583458543,36.848882651697,4,23,Cabo Pulmo,-0.0544181960339596,0.0826431159420287,27,9.1107,10.0976124395572,3.60682529664774,0.499598782882886,-0.172384640816939,2012
ISLOTE_CABO_PULMO,2013,5334.21257717975,7.50215933400248,6,23,Cabo Pulmo,-0.405386490910662,-0.280400362318841,0,0,8.58189655718739,2.01519089030412,-1.01611709948694,-0.535428119077809,2013
ISLOTE_CABO_PULMO,2014,7499.20253000424,10.5512332798145,6,23,Cabo Pulmo,0.916832687171531,1.0377518115942,148,98.5037999999999,8.92255196453827,2.35624275165059,-0.675461692136064,0.782724054835232,2014
ISLOTE_CABO_PULMO,2015,13571.0072820283,14.3654400970962,6,23,Cabo Pulmo,1.12154501593865,1.09095833333333,184,102.0522,9.51569097866868,2.66482532872466,-0.0823226780056512,0.835930576574362,2015
ISLOTE_CABO_PULMO,2016,20796.1087628103,18.9738481219321,4,23,Cabo Pulmo,0.955144645496095,0.654980072463768,183,128.3095,9.94252116947696,2.94306161640255,0.344507512802631,0.3999523157048,2016
ISLOTE_CABO_PULMO,2017,108403.358746757,163.871908687086,4,23,Cabo Pulmo,0.582668303609887,0.484653985507246,96,54.7904,11.5936143522563,5.09908507805902,1.99560069558201,0.229626228748278,2017
ISLOTE_CABO_PULMO,2018,22883.9552811884,26.0375208645745,6,23,Cabo Pulmo,0.447462824157831,0.478675724637681,72,36.555,10.0381913012346,3.25953860791464,0.440177644560299,0.223647967878713,2018
ISLOTE_CABO_PULMO,2019,16507.2188362959,24.2281432244622,4,23,Cabo Pulmo,0.210723098130435,-0.125400362318841,32,10.1318,9.71155306944122,3.18751490062765,0.113539412766885,-0.380428119077809,2019
ISLOTE_CABO_PULMO,2021,20533.2857896464,24.5125272629854,6,23,Cabo Pulmo,0.621325837856463,0.920958333333332,95,64.8118,9.92980254541152,3.19918430372931,0.331788888737192,0.665930576574364,2021
ISLOTE_CABO_PULMO,2022,28632.5847723789,31.1491599851738,6,23,Cabo Pulmo,0.182942276212627,0.0410670289855068,52,24.5087,10.2623006759722,3.43878727810176,0.664287019297913,-0.213960727773461,2022
ISLOTE_CABO_PULMO,2023,40960.0233812776,54.9614026737402,6,23,Cabo Pulmo,0.453298440596188,0.654545289855073,86,31.2296,10.6203518305452,4.00663116930858,1.02233817387087,0.399517533096105,2023
ISLOTE_CABO_PULMO,2025,12265.0762906872,14.4181094960516,4,23,Cabo Pulmo,0.495517618678381,0.800197463768116,124,70.5154,9.41451117686788,2.66848502035302,-0.183502479806453,0.545169707009148,2025
LINEA,2009,82614.6749514306,63.994201916123,4,23,Cabo Pulmo,0.519435426897558,0.43976268115942,64,35.0246,11.3219426065791,4.15879248419511,1.72392894990481,0.184734924400452,2009
LINEA,2010,12420.9097641181,17.1311204214309,4,23,Cabo Pulmo,-0.0739892306366885,-0.376922101449276,19,4.3091,9.42713660273382,2.84089671716912,-0.170877053940515,-0.631949858208244,2010
LINEA,2011,6804.24401258233,12.5457623429424,4,23,Cabo Pulmo,0.00620255018522805,0.74976268115942,66,23.9319,8.82530181598003,2.52938294664023,-0.772711840694308,0.494734924400452,2011
LINEA,2012,21512.7212883134,38.6083981019973,4,23,Cabo Pulmo,-0.0544181960339596,0.0826431159420287,27,9.1107,9.97639972696606,3.65346982021569,0.378386070291725,-0.172384640816939,2012
LINEA,2013,7570.27023799458,13.4667975342721,4,23,Cabo Pulmo,-0.405386490910662,-0.280400362318841,0,0,8.9319840443405,2.60022721414327,-0.666029612333837,-0.535428119077809,2013
LINEA,2014,16940.6193324641,13.3594217021797,4,23,Cabo Pulmo,0.916832687171531,1.0377518115942,148,98.5037999999999,9.73746952789571,2.59222188140665,0.139455871221374,0.782724054835232,2014
LINEA,2015,7219.97803581835,10.2640879468228,4,23,Cabo Pulmo,1.12154501593865,1.09095833333333,184,102.0522,8.88460718975182,2.32865119575118,-0.71340646692251,0.835930576574362,2015
LINEA,2016,41703.436505785,51.1288328274239,4,23,Cabo Pulmo,0.955144645496095,0.654980072463768,183,128.3095,10.638338814602,3.93434858128244,1.0403251579277,0.3999523157048,2016
LINEA,2017,28479.4832256091,53.084785706316,4,23,Cabo Pulmo,0.582668303609887,0.484653985507246,96,54.7904,10.2569392201931,3.97189036565445,0.658925563518732,0.229626228748278,2017
LINEA,2018,40744.0936600522,57.3413963502851,4,23,Cabo Pulmo,0.447462824157831,0.478675724637681,72,36.555,10.6150661673065,4.04902281227391,1.01705251063212,0.223647967878713,2018
LINEA,2019,31561.2571086667,57.0464825529282,2,23,Cabo Pulmo,0.210723098130435,-0.125400362318841,32,10.1318,10.359685606507,4.04386641889334,0.761671949832708,-0.380428119077809,2019
LINEA,2021,27364.2024294351,42.3286973863745,4,23,Cabo Pulmo,0.621325837856463,0.920958333333332,95,64.8118,10.2169909575087,3.74546528123568,0.618977300834327,0.665930576574364,2021
LINEA,2025,32537.0855737153,57.713495528347,2,23,Cabo Pulmo,0.495517618678381,0.800197463768116,124,70.5154,10.3901358123401,4.05549103747159,0.792122155665783,0.545169707009148,2025
LISAS,2009,24423.4640212119,22.9321590378867,4,23,Cabo Pulmo,0.519435426897558,0.43976268115942,64,35.0246,10.1032995894152,3.13254025021687,0.505285932740827,0.184734924400452,2009
LISAS,2010,6999.17470680189,14.8416136555916,4,23,Cabo Pulmo,-0.0739892306366885,-0.376922101449276,19,4.3091,8.85354752205851,2.69743496872751,-0.74446613461582,-0.631949858208244,2010
LISAS,2011,3853.08090671157,9.29869144419996,4,23,Cabo Pulmo,0.00620255018522805,0.74976268115942,66,23.9319,8.25662834277361,2.22987368533461,-1.34138531390072,0.494734924400452,2011
LISAS,2012,9321.1756575415,19.0614094768312,4,23,Cabo Pulmo,-0.0544181960339596,0.0826431159420287,27,9.1107,9.14004404323725,2.94766584495841,-0.457969613437083,-0.172384640816939,2012
LISAS,2013,1314.03401484976,4.02831453664919,4,23,Cabo Pulmo,-0.405386490910662,-0.280400362318841,0,0,7.18085708520095,1.39334805935709,-2.41715657147338,-0.535428119077809,2013
LISAS,2014,13039.2505222735,22.9686144280389,4,23,Cabo Pulmo,0.916832687171531,1.0377518115942,148,98.5037999999999,9.4757193585431,3.13412869394296,-0.122294298131234,0.782724054835232,2014
LISAS,2015,10431.2061547171,15.0536256258203,4,23,Cabo Pulmo,1.12154501593865,1.09095833333333,184,102.0522,9.25255718413872,2.71161886755196,-0.345456472535613,0.835930576574362,2015
LISAS,2016,94774.6981403153,122.442944271026,4,23,Cabo Pulmo,0.955144645496095,0.654980072463768,183,128.3095,11.4592577553656,4.80764516043156,1.86124409869131,0.3999523157048,2016
LISAS,2017,18712.0806275348,44.2441959766888,4,23,Cabo Pulmo,0.582668303609887,0.484653985507246,96,54.7904,9.83692461712256,3.78972419848253,0.238910960448225,0.229626228748278,2017
LISAS,2018,5039.33166517649,8.56393577294546,4,23,Cabo Pulmo,0.447462824157831,0.478675724637681,72,36.555,8.52502874615667,2.14755987104325,-1.07298491051766,0.223647967878713,2018
LISAS,2019,9020.91927089116,22.1402980485592,2,23,Cabo Pulmo,0.210723098130435,-0.125400362318841,32,10.1318,9.10730152259666,3.09739938918442,-0.490712134077672,-0.380428119077809,2019
LISAS,2021,17336.9729829604,19.255183532502,4,23,Cabo Pulmo,0.621325837856463,0.920958333333332,95,64.8118,9.76059666663896,2.95778029890163,0.162583009964631,0.665930576574364,2021
LISAS,2022,12247.2369143498,18.9871030942253,4,23,Cabo Pulmo,0.182942276212627,0.0410670289855068,52,24.5087,9.41305563251858,2.94375996417347,-0.184958024155755,-0.213960727773461,2022
LOBERA_CABO_PULMO,2009,30593.049145907,31.3829925055524,8,23,Cabo Pulmo,0.519435426897558,0.43976268115942,64,35.0246,10.328528110043,3.44626610622374,0.730514453368652,0.184734924400452,2009
LOBERA_CABO_PULMO,2010,17069.2927368694,25.2744477283965,8,23,Cabo Pulmo,-0.0739892306366885,-0.376922101449276,19,4.3091,9.74503638182346,3.22979391415926,0.147022725149125,-0.631949858208244,2010
LOBERA_CABO_PULMO,2011,6819.6189795079,11.9669642500723,7,23,Cabo Pulmo,0.00620255018522805,0.74976268115942,66,23.9319,8.82755888116948,2.48214987421099,-0.770454775504852,0.494734924400452,2011
LOBERA_CABO_PULMO,2012,14066.7078584241,28.7771612450763,9,23,Cabo Pulmo,-0.0544181960339596,0.0826431159420287,27,9.1107,9.55156613967569,3.35958206021755,-0.0464475169986418,-0.172384640816939,2012
LOBERA_CABO_PULMO,2013,6505.84229562582,9.44595274776472,8,23,Cabo Pulmo,-0.405386490910662,-0.280400362318841,0,0,8.78045586690333,2.24558636910748,-0.817557789771005,-0.535428119077809,2013
LOBERA_CABO_PULMO,2014,26676.3652742322,42.2821256397881,8,23,Cabo Pulmo,0.916832687171531,1.0377518115942,148,98.5037999999999,10.1915332566496,3.74436443504074,0.593519599975279,0.782724054835232,2014
LOBERA_CABO_PULMO,2015,5405.02659110525,8.66651616229733,8,23,Cabo Pulmo,1.12154501593865,1.09095833333333,184,102.0522,8.59508464978466,2.15946688331381,-1.00292900688967,0.835930576574362,2015
LOBERA_CABO_PULMO,2016,10929.7795959584,14.7113970440742,8,23,Cabo Pulmo,0.955144645496095,0.654980072463768,183,128.3095,9.29924641591314,2.68862250250853,-0.298767240761189,0.3999523157048,2016
LOBERA_CABO_PULMO,2017,14522.6696890025,16.1100768657487,8,23,Cabo Pulmo,0.582668303609887,0.484653985507246,96,54.7904,9.58346613435704,2.77944496848406,-0.014547522317292,0.229626228748278,2017
LOBERA_CABO_PULMO,2018,16590.4602103542,20.9212933038298,8,23,Cabo Pulmo,0.447462824157831,0.478675724637681,72,36.555,9.71658312302603,3.04076745869263,0.118569466351696,0.223647967878713,2018
LOBERA_CABO_PULMO,2019,10686.685846488,16.5088003131722,6,23,Cabo Pulmo,0.210723098130435,-0.125400362318841,32,10.1318,9.27675393223693,2.80389359103821,-0.3212597244374,-0.380428119077809,2019
LOBERA_CABO_PULMO,2021,10544.979156234,18.5264999353901,8,23,Cabo Pulmo,0.621325837856463,0.920958333333332,95,64.8118,9.26340511626171,2.91920213607661,-0.334608540412626,0.665930576574364,2021
LOBERA_CABO_PULMO,2022,11553.8987137277,16.5904296133274,8,23,Cabo Pulmo,0.182942276212627,0.0410670289855068,52,24.5087,9.35477820996453,2.80882599978794,-0.243235446709805,-0.213960727773461,2022
LOBERA_CABO_PULMO,2023,16506.2929830767,23.8137322577204,8,23,Cabo Pulmo,0.453298440596188,0.654545289855073,86,31.2296,9.71149698009062,3.17026239990373,0.113483323416288,0.399517533096105,2023
MONSERRAT_GALERAS,1998,14034.3487189368,11.8420189850244,5,26,Loreto,0.61702832773326,0.433972826086951,99,81.6628,9.5492630836535,2.47165413730239,-0.0487505730208291,0.178945069327983,1998
MONSERRAT_GALERAS,1999,12561.2507835808,12.3508497725921,5,26,Loreto,-0.654916877746191,-0.570429347826092,0,0,9.43837201974396,2.5137248682042,-0.15964163693037,-0.82545710458506,1999
MONSERRAT_GALERAS,2000,17251.1128791495,16.3866803959995,5,26,Loreto,-0.343110475306737,-0.104342391304353,34,11.8336,9.75563193511183,2.79646883386498,0.157618278437493,-0.359370148063321,2000
MONSERRAT_GALERAS,2001,22687.9579301605,17.0292803242143,5,26,Loreto,-0.734697699664,-0.928744565217396,14,6.4097,10.029589575053,2.83493423448713,0.431575918378673,-1.18377232197636,2001
MONSERRAT_GALERAS,2002,11360.705096534,17.3744935522705,5,26,Loreto,-0.611492220211945,-0.67298369565218,4,1.4799,9.33791575870584,2.85500324295528,-0.260097897968489,-0.928011452411148,2002
MONSERRAT_GALERAS,2004,14506.6484058958,14.6497504689827,3,26,Loreto,-0.129558562738431,0.103157608695647,6,0.752100000000002,9.58236233407616,2.68442330248407,-0.0156513225981705,-0.151870148063321,2004
MONSERRAT_GALERAS,2005,23300.9583972826,33.9579553530345,4,26,Loreto,-0.107848384595507,-0.201516304347832,33,9.61189999999999,10.0562497716384,3.52512315212278,0.458236114964109,-0.4565440611068,2005
MONSERRAT_GALERAS,2006,19072.6580893199,18.8960709480678,4,26,Loreto,0.18716531403463,0.592668478260864,58,30.2706,9.856011074792,2.93895401410862,0.257997418117666,0.337640721501896,2006
MONSERRAT_GALERAS,2007,52022.8671964264,54.908876529839,4,26,Loreto,-0.52897167226674,-0.90369021739131,18,7.0055,10.8594386546776,4.00567502087092,1.26142499800331,-1.15871797415028,2007
MONSERRAT_GALERAS,2008,12693.4117850933,14.6047550416226,4,26,Loreto,-0.552509382410563,-0.330972826086962,18,7.65,9.44883838076641,2.68134716347191,-0.149175275907925,-0.58600058284593,2008
MONSERRAT_GALERAS,2009,44514.466541648,36.0511218168823,4,26,Loreto,0.190589971568877,0.289896739130429,48,34.072,10.7035695061473,3.58493798160691,1.10555584947298,0.0348689823714614,2009
MONSERRAT_GALERAS,2010,20135.0146268812,15.146794868265,4,26,Loreto,0.0568639441716175,-0.332168478260876,52,23.766,9.91021559972588,2.71778894972294,0.312201943051543,-0.587196235019844,2010
MONSERRAT_GALERAS,2011,7084.40762480749,9.7881907422282,4,26,Loreto,-0.235410028431123,0.373538043478256,55,27.6575,8.86565153886323,2.28117663274529,-0.7323621178111,0.118510286719288,2011
MONSERRAT_GALERAS,2012,12692.9341335257,21.5058373048196,4,26,Loreto,-0.132427415197447,0.158755434782603,52,31.6324,9.44880075017797,3.06832440083322,-0.149212906496365,-0.0962723219763646,2012
MONSERRAT_GALERAS,2013,15679.2939320925,13.7154223398621,4,26,Loreto,-0.18324564486948,0.247016304347821,53,28.609,9.66009626304949,2.61852091792653,0.0620826063751547,-0.00801145241114667,2013
MONSERRAT_GALERAS,2014,7504.47609113908,9.52724921533531,4,26,Loreto,1.03302832773326,1.35359239130434,167,176.229,8.92325493365473,2.2541560312295,-0.674758723019599,1.09856463454537,2014
MONSERRAT_GALERAS,2015,8893.83406395413,11.0771742434924,4,26,Loreto,1.52858997156888,1.68516847826086,272,264.8349,9.09311351381926,2.40488661661713,-0.504900142855076,1.43014072150189,2015
MONSERRAT_GALERAS,2016,30790.5655661742,30.8131607640707,4,26,Loreto,1.21683487988452,0.916201086956517,206,172.9638,10.3349636092518,3.4279418962487,0.736949952577437,0.661173330197549,2016
MONSERRAT_GALERAS,2017,9573.61663377163,8.29806292468092,4,26,Loreto,0.688233807185315,0.770114130434777,126,88.8791,9.16676632672036,2.11602210499604,-0.431247329953969,0.515086373675809,2017
MONSERRAT_GALERAS,2018,28062.4442612935,36.1477105158571,4,26,Loreto,0.20012421814422,0.15489673913043,54,24.49,10.2421874582481,3.58761361370448,0.644173801573775,-0.100131017628538,2018
MONSERRAT_GALERAS,2019,18149.262496917,33.8340612438517,4,26,Loreto,0.327274903075726,0.0283206521739079,31,11.8387,9.80638520508874,3.5214680241789,0.20837154841441,-0.22670710458506,2019
MONSERRAT_GALERAS,2021,6298.28317922938,6.0938500464143,4,26,Loreto,0.839192711294904,1.43299456521739,190,142.2182,8.74803236400826,1.80728007350236,-0.849981292666074,1.17796680845842,2021
MONSERRAT_GALERAS,2022,4545.46939460889,8.41610621840971,4,26,Loreto,0.306781752390795,0.141092391304343,43,14.9446,8.42188627842053,2.13014727692447,-1.1761273782538,-0.113935365454625,2022
MONSERRAT_GALERAS,2023,6757.03288334902,8.61200950970617,4,26,Loreto,0.336370793486685,0.247777173913038,85,47.4272,8.81833915010079,2.1531576837405,-0.77967450657354,-0.00725058284592967,2023
MONSERRAT_PUNTA_SURESTE,1998,11456.5632318968,9.70920282717232,10,26,Loreto,0.61702832773326,0.433972826086951,99,81.6628,9.34631805278734,2.2730741808045,-0.25169560388699,0.178945069327983,1998
MONSERRAT_PUNTA_SURESTE,1999,9606.44943843086,7.19923098852417,10,26,Loreto,-0.654916877746191,-0.570429347826092,0,0,9.17018996839146,1.9739742131683,-0.427823688282876,-0.82545710458506,1999
MONSERRAT_PUNTA_SURESTE,2000,18919.3169139915,15.0011498285673,9,26,Loreto,-0.343110475306737,-0.104342391304353,34,11.8336,9.84793873804245,2.70812685340217,0.249925081368122,-0.359370148063321,2000
MONSERRAT_PUNTA_SURESTE,2001,27018.8985059149,22.174583587813,8,26,Loreto,-0.734697699664,-0.928744565217396,14,6.4097,10.204291844803,3.0989467495667,0.606278188128627,-1.18377232197636,2001
MONSERRAT_PUNTA_SURESTE,2002,14404.9925430019,13.8826681482196,10,26,Loreto,-0.611492220211945,-0.67298369565218,4,1.4799,9.57533012985115,2.63064116630372,-0.0226835268231866,-0.928011452411148,2002
MONSERRAT_PUNTA_SURESTE,2003,13638.7045408603,10.5102050456171,5,26,Loreto,-0.289820987335232,-0.495809782608701,16,7.1423,9.5206669518768,2.35234669427201,-0.0773467047975345,-0.750837539367669,2003
MONSERRAT_PUNTA_SURESTE,2004,35398.0819703403,43.0652081912484,8,26,Loreto,-0.129558562738431,0.103157608695647,6,0.752100000000002,10.4744129160252,3.76271543657865,0.876399259350849,-0.151870148063321,2004
MONSERRAT_PUNTA_SURESTE,2005,14376.9288064506,12.6989364943017,8,26,Loreto,-0.107848384595507,-0.201516304347832,33,9.61189999999999,9.57338003450455,2.54151824935194,-0.0246336221697838,-0.4565440611068,2005
MONSERRAT_PUNTA_SURESTE,2006,24912.3178917008,22.3534746647289,7,26,Loreto,0.18716531403463,0.592668478260864,58,30.2706,10.1231176545777,3.10698177495939,0.525103997903324,0.337640721501896,2006
MONSERRAT_PUNTA_SURESTE,2007,6053.98000716527,8.99263609439239,8,26,Loreto,-0.52897167226674,-0.90369021739131,18,7.0055,8.70847118715884,2.19640603068412,-0.889542469515488,-1.15871797415028,2007
MONSERRAT_PUNTA_SURESTE,2008,13937.6345305017,13.8750082065383,8,26,Loreto,-0.552509382410563,-0.330972826086962,18,7.65,9.54234798056857,2.63008925109454,-0.0556656761057663,-0.58600058284593,2008
MONSERRAT_PUNTA_SURESTE,2009,19565.3748376563,17.6318468767217,7,26,Loreto,0.190589971568877,0.289896739130429,48,34.072,9.88151669304296,2.86970674853634,0.283503036368629,0.0348689823714614,2009
MONSERRAT_PUNTA_SURESTE,2010,9254.12132328572,9.35435384869811,12,26,Loreto,0.0568639441716175,-0.332168478260876,52,23.766,9.13282427974255,2.2358418871854,-0.465189376931784,-0.587196235019844,2010
MONSERRAT_PUNTA_SURESTE,2011,5891.45590765749,6.61227647397992,8,26,Loreto,-0.235410028431123,0.373538043478256,55,27.6575,8.68125842906488,1.88892799305615,-0.916755227609455,0.118510286719288,2011
MONSERRAT_PUNTA_SURESTE,2012,6997.52849361634,11.9650443668286,8,26,Loreto,-0.132427415197447,0.158755434782603,52,31.6324,8.85331229335221,2.48198942940433,-0.744701363322118,-0.0962723219763646,2012
MONSERRAT_PUNTA_SURESTE,2013,4537.45333723595,4.17987476395573,8,26,Loreto,-0.18324564486948,0.247016304347821,53,28.609,8.42012119471548,1.43028128531169,-1.17789246195885,-0.00801145241114667,2013
MONSERRAT_PUNTA_SURESTE,2014,5147.33358118704,5.27807086353009,8,26,Loreto,1.03302832773326,1.35359239130434,167,176.229,8.54623410835252,1.66356066419981,-1.05177954832182,1.09856463454537,2014
MONSERRAT_PUNTA_SURESTE,2015,9148.11531390182,9.74804472700414,8,26,Loreto,1.52858997156888,1.68516847826086,272,264.8349,9.12130316043072,2.27706672407867,-0.476710496243616,1.43014072150189,2015
MONSERRAT_PUNTA_SURESTE,2016,23397.6334385545,20.077716215498,8,26,Loreto,1.21683487988452,0.916201086956517,206,172.9638,10.0603901611268,2.99961055406735,0.462376504452452,0.661173330197549,2016
MONSERRAT_PUNTA_SURESTE,2017,5245.86942173748,5.80400357194122,8,26,Loreto,0.688233807185315,0.770114130434777,126,88.8791,8.56519626910245,1.75854795044925,-1.03281738757189,0.515086373675809,2017
MONSERRAT_PUNTA_SURESTE,2018,19789.330187257,21.1293466973227,8,26,Loreto,0.20012421814422,0.15489673913043,54,24.49,9.89289819200346,3.05066291289739,0.294884535329127,-0.100131017628538,2018
MONSERRAT_PUNTA_SURESTE,2019,13350.706173615,17.0543199838577,8,26,Loreto,0.327274903075726,0.0283206521739079,31,11.8387,9.4993245593294,2.83640354312364,-0.0986890973449306,-0.22670710458506,2019
MONSERRAT_PUNTA_SURESTE,2021,24086.9657687848,25.2746520733722,8,26,Loreto,0.839192711294904,1.43299456521739,190,142.2182,10.0894261337028,3.22980199916875,0.491412477028485,1.17796680845842,2021
MONSERRAT_PUNTA_SURESTE,2022,22756.4741144799,29.0913407581922,8,26,Loreto,0.306781752390795,0.141092391304343,43,14.9446,10.0326049603556,3.37044056144817,0.434591303681218,-0.113935365454625,2022
MONSERRAT_PUNTA_SURESTE,2025,10269.2962708121,16.2638466250931,7,26,Loreto,0.720151615404494,0.577233695652168,140,104.7292,9.23691377777171,2.78894464595036,-0.361099878902627,0.3222059388932,2025
MONSERRAT_REINITA,1998,17201.2130857034,15.5389138168156,5,26,Loreto,0.61702832773326,0.433972826086951,99,81.6628,9.75273518855312,2.74334744653885,0.154721531878785,0.178945069327983,1998
MONSERRAT_REINITA,1999,11607.5235290669,16.5496992185182,5,26,Loreto,-0.654916877746191,-0.570429347826092,0,0,9.35940874694926,2.80636792755026,-0.238604909725074,-0.82545710458506,1999
MONSERRAT_REINITA,2000,20431.7262636212,17.497428788504,5,26,Loreto,-0.343110475306737,-0.104342391304353,34,11.8336,9.92484418074822,2.86205394376353,0.326830524073886,-0.359370148063321,2000
MONSERRAT_REINITA,2001,17827.221146753,16.177692781353,5,26,Loreto,-0.734697699664,-0.928744565217396,14,6.4097,9.78848184603299,2.78363330451268,0.190468189358661,-1.18377232197636,2001
MONSERRAT_REINITA,2002,12221.2067469465,16.889360663697,5,26,Loreto,-0.611492220211945,-0.67298369565218,4,1.4799,9.4109279796459,2.8266838771546,-0.187085677028437,-0.928011452411148,2002
MONSERRAT_REINITA,2004,27941.4570876953,20.4527506869664,4,26,Loreto,-0.129558562738431,0.103157608695647,6,0.752100000000002,10.2378667820487,3.01811738136355,0.639853125374366,-0.151870148063321,2004
MONSERRAT_REINITA,2005,21558.1521744391,19.629475478003,4,26,Loreto,-0.107848384595507,-0.201516304347832,33,9.61189999999999,9.9785093151551,2.97703228750361,0.38049565848077,-0.4565440611068,2005
MONSERRAT_REINITA,2006,31449.1012032116,27.523450729365,4,26,Loreto,0.18716531403463,0.592668478260864,58,30.2706,10.356125683126,3.31503839507967,0.758112026451652,0.337640721501896,2006
MONSERRAT_REINITA,2007,24964.9038394899,23.6230261194628,4,26,Loreto,-0.52897167226674,-0.90369021739131,18,7.0055,10.1252262711143,3.16222191939034,0.527212614440018,-1.15871797415028,2007
MONSERRAT_REINITA,2008,33166.6337753466,31.2674614287129,4,26,Loreto,-0.552509382410563,-0.330972826086962,18,7.65,10.40929964278,3.44257798584979,0.811285986105656,-0.58600058284593,2008
MONSERRAT_REINITA,2009,32963.2414300052,19.5906412403922,4,26,Loreto,0.190589971568877,0.289896739130429,48,34.072,10.4031483235449,2.97505196446781,0.80513466687054,0.0348689823714614,2009
MONSERRAT_REINITA,2010,34840.7804824716,17.8508013302626,4,26,Loreto,0.0568639441716175,-0.332168478260876,52,23.766,10.4585438326234,2.8820483996697,0.860530175949098,-0.587196235019844,2010
MONSERRAT_REINITA,2011,11224.2668874097,15.1412921447563,4,26,Loreto,-0.235410028431123,0.373538043478256,55,27.6575,9.32583339977915,2.7174255907847,-0.272180256895185,0.118510286719288,2011
MONSERRAT_REINITA,2012,9347.73828114681,14.5153509662285,4,26,Loreto,-0.132427415197447,0.158755434782603,52,31.6324,9.14288969795689,2.67520677673842,-0.455123958717442,-0.0962723219763646,2012
MONSERRAT_REINITA,2013,9512.64009302339,14.8560911309108,4,26,Loreto,-0.18324564486948,0.247016304347821,53,28.609,9.16037672931757,2.69840995831476,-0.437636927356763,-0.00801145241114667,2013
MONSERRAT_REINITA,2014,11428.025194641,12.4492337359341,4,26,Loreto,1.03302832773326,1.35359239130434,167,176.229,9.34382396798956,2.52165907370207,-0.254189688684777,1.09856463454537,2014
MONSERRAT_REINITA,2015,12373.0129109172,12.1116281734865,4,26,Loreto,1.52858997156888,1.68516847826086,272,264.8349,9.42327300168852,2.49416599720525,-0.174740654985815,1.43014072150189,2015
MONSERRAT_REINITA,2016,16771.6103993307,14.665250674083,4,26,Loreto,1.21683487988452,0.916201086956517,206,172.9638,9.72744287878944,2.6854807956405,0.129429222115103,0.661173330197549,2016
MONSERRAT_REINITA,2017,19343.083519716,15.8934519434241,4,26,Loreto,0.688233807185315,0.770114130434777,126,88.8791,9.87009019371917,2.76590719694437,0.272076537044841,0.515086373675809,2017
MONSERRAT_REINITA,2018,18292.297074001,19.5150002900027,4,26,Loreto,0.20012421814422,0.15489673913043,54,24.49,9.81423532529777,2.97118341549308,0.21622166862344,-0.100131017628538,2018
MONSERRAT_REINITA,2019,23082.2656792449,32.0512896197431,4,26,Loreto,0.327274903075726,0.0283206521739079,31,11.8387,10.0468198821491,3.46733742030266,0.448806225474801,-0.22670710458506,2019
MONSERRAT_REINITA,2021,25578.1011988343,47.515167037681,4,26,Loreto,0.839192711294904,1.43299456521739,190,142.2182,10.149491842465,3.86104896612971,0.551478185790669,1.17796680845842,2021
MONSERRAT_REINITA,2022,36111.6457786535,40.0844311021108,4,26,Loreto,0.306781752390795,0.141092391304343,43,14.9446,10.4943706900441,3.69098800710559,0.89635703336981,-0.113935365454625,2022
MONSERRAT_REINITA,2023,18812.1615718244,25.1673439204895,4,26,Loreto,0.336370793486685,0.247777173913038,85,47.4272,9.84225883179185,3.22554727797271,0.244245175117515,-0.00725058284592967,2023
MORROS_CABO_PULMO,2000,5511.29490349269,6.22353814130058,2,23,Cabo Pulmo,-0.321412731553085,-0.103932971014493,17,8.32670000000001,8.6145548842448,1.82833857803344,-0.983458772429536,-0.358960727773461,2000
MORROS_CABO_PULMO,2009,194517.320899366,92.0004157831635,4,23,Cabo Pulmo,0.519435426897558,0.43976268115942,64,35.0246,12.1782764915428,4.52179309642104,2.58026283486846,0.184734924400452,2009
MORROS_CABO_PULMO,2010,47280.232260905,93.8210049518932,4,23,Cabo Pulmo,-0.0739892306366885,-0.376922101449276,19,4.3091,10.7638475645236,4.54138876433189,1.16583390784927,-0.631949858208244,2010
MORROS_CABO_PULMO,2011,9298.10537750553,17.6003663693537,4,23,Cabo Pulmo,0.00620255018522805,0.74976268115942,66,23.9319,9.13756593553816,2.867919718268,-0.460447721136172,0.494734924400452,2011
MORROS_CABO_PULMO,2012,96805.9072710056,86.5914646650555,5,23,Cabo Pulmo,-0.0544181960339596,0.0826431159420287,27,9.1107,11.4804632969296,4.46120125026128,1.88244964025527,-0.172384640816939,2012
MORROS_CABO_PULMO,2013,28726.8916693332,37.4335207482314,4,23,Cabo Pulmo,-0.405386490910662,-0.280400362318841,0,0,10.2655889550076,3.62256657969505,0.66757529833326,-0.535428119077809,2013
MORROS_CABO_PULMO,2014,11641.0648364804,10.434837135354,4,23,Cabo Pulmo,0.916832687171531,1.0377518115942,148,98.5037999999999,9.3622941978986,2.34514993287062,-0.235719458775733,0.782724054835232,2014
MORROS_CABO_PULMO,2015,115230.891311777,97.5655058961424,4,23,Cabo Pulmo,1.12154501593865,1.09095833333333,184,102.0522,11.6546931450452,4.58052400775509,2.05667948837087,0.835930576574362,2015
MORROS_CABO_PULMO,2016,72469.2206922133,50.6268190581388,4,23,Cabo Pulmo,0.955144645496095,0.654980072463768,183,128.3095,11.1909172085229,3.92448145679378,1.59290355184852,0.3999523157048,2016
MORROS_CABO_PULMO,2017,49130.6831462275,69.8855832448216,4,23,Cabo Pulmo,0.582668303609887,0.484653985507246,96,54.7904,10.8022390299353,4.24685937968185,1.20422537326096,0.229626228748278,2017
MORROS_CABO_PULMO,2018,46479.2387682858,19.1399941510171,4,23,Cabo Pulmo,0.447462824157831,0.478675724637681,72,36.555,10.746761013773,2.95178008043527,1.14874735709871,0.223647967878713,2018
MORROS_CABO_PULMO,2019,144588.07972501,166.777090559963,4,23,Cabo Pulmo,0.210723098130435,-0.125400362318841,32,10.1318,11.8816441491055,5.1166581337289,2.28363049243117,-0.380428119077809,2019
MORROS_CABO_PULMO,2021,21439.610519971,26.2629634828784,4,23,Cabo Pulmo,0.621325837856463,0.920958333333332,95,64.8118,9.9729954489736,3.26815971410215,0.374981792299272,0.665930576574364,2021
MORROS_CABO_PULMO,2022,24947.8388685514,29.035693138963,4,23,Cabo Pulmo,0.182942276212627,0.0410670289855068,52,24.5087,10.1245424789331,3.36852587107094,0.526528822258799,-0.213960727773461,2022
MORROS_CABO_PULMO,2023,82493.1914454625,61.9685234570229,3,23,Cabo Pulmo,0.453298440596188,0.654545289855073,86,31.2296,11.3204710409834,4.12662656995178,1.72245738430903,0.399517533096105,2023
NAVAJAS,2009,22181.0998630395,27.0148409833549,3,23,Cabo Pulmo,0.519435426897558,0.43976268115942,64,35.0246,10.006995847729,3.29638638104346,0.408982191054658,0.184734924400452,2009
NAVAJAS,2010,37709.9219528679,53.280899728956,4,23,Cabo Pulmo,-0.0739892306366885,-0.376922101449276,19,4.3091,10.5376785205835,3.97557791289428,0.939664863909204,-0.631949858208244,2010
NAVAJAS,2011,20557.9375535092,36.1527746404396,3,23,Cabo Pulmo,0.00620255018522805,0.74976268115942,66,23.9319,9.93100240099209,3.5877536991985,0.332988744317754,0.494734924400452,2011
NAVAJAS,2012,22381.0505437332,38.0611109127677,4,23,Cabo Pulmo,-0.0544181960339596,0.0826431159420287,27,9.1107,10.0159699219498,3.63919304990151,0.417956265275457,-0.172384640816939,2012
NAVAJAS,2013,8487.24515852281,13.450702438503,4,23,Cabo Pulmo,-0.405386490910662,-0.280400362318841,0,0,9.04631974591076,2.59903133059513,-0.551693910763568,-0.535428119077809,2013
NAVAJAS,2014,25646.70087972,37.0542360191319,4,23,Cabo Pulmo,0.916832687171531,1.0377518115942,148,98.5037999999999,10.1521702216529,3.61238267770682,0.554156564978548,0.782724054835232,2014
NAVAJAS,2015,33670.7355877578,49.9592776057069,4,23,Cabo Pulmo,1.12154501593865,1.09095833333333,184,102.0522,10.4243843588947,3.91120822569941,0.826370702220398,0.835930576574362,2015
NAVAJAS,2016,33731.4562902655,41.5977986288661,4,23,Cabo Pulmo,0.955144645496095,0.654980072463768,183,128.3095,10.42618610205,3.7280472482917,0.828172445375694,0.3999523157048,2016
NAVAJAS,2017,16354.7467774725,17.9168798489637,4,23,Cabo Pulmo,0.582668303609887,0.484653985507246,96,54.7904,9.70227345697109,2.88574327681569,0.104259800296756,0.229626228748278,2017
NAVAJAS,2018,14893.6526630261,21.7843911917767,4,23,Cabo Pulmo,0.447462824157831,0.478675724637681,72,36.555,9.60869040540152,3.08119371296714,0.0106767487271853,0.223647967878713,2018
NAVAJAS,2019,12941.1489263546,18.6554210963899,2,23,Cabo Pulmo,0.210723098130435,-0.125400362318841,32,10.1318,9.46816735285796,2.92613677926156,-0.129846303816368,-0.380428119077809,2019
NAVAJAS,2021,16006.3431236365,16.166422927478,4,23,Cabo Pulmo,0.621325837856463,0.920958333333332,95,64.8118,9.68074036788556,2.78293643251083,0.0827267112112242,0.665930576574364,2021
NAVAJAS,2022,12972.5543945839,15.2952837519895,4,23,Cabo Pulmo,0.182942276212627,0.0410670289855068,52,24.5087,9.47059120430182,2.72754452937518,-0.127422452372514,-0.213960727773461,2022
NAVAJAS,2023,12169.7570979889,16.9590374649723,4,23,Cabo Pulmo,0.453298440596188,0.654545289855073,86,31.2296,9.40670922670177,2.83080087550867,-0.191304429972559,0.399517533096105,2023
PALMILLA_SAN_JOSE,2013,1824.85764070515,3.35890623909564,5,23,Los Cabos,-0.480062022917208,-0.385472826086968,0,0,7.50925725788097,1.21161539690197,-2.08875639879336,-0.640500582845936,2013
PALMILLA_SAN_JOSE,2014,3812.77045784675,6.10203689171895,4,23,Los Cabos,0.980485922288271,1.16909239130434,136,106.1083,8.24611135816264,1.80862263211674,-1.35190229851169,0.914064634545372,2014
PALMILLA_SAN_JOSE,2015,4231.33226773565,5.89721215183437,4,23,Los Cabos,1.15023934694581,1.19512499999999,170,85.0303,8.35027217936331,1.77447972260227,-1.24774147731102,0.940097243241022,2015
PALMILLA_SAN_JOSE,2016,5721.12380707147,12.3957422518722,4,23,Los Cabos,0.775914632522251,0.398548913043467,161,110.28,8.65192053484393,2.51735304686262,-0.946093121830407,0.143521156284499,2016
PALMILLA_SAN_JOSE,2017,696.615895563387,1.7852253309426,4,23,Los Cabos,0.622102360644436,0.719907608695641,107,50.4169,6.54623417645334,0.579544643086715,-3.051779480221,0.464879851936673,2017
PALMILLA_SAN_JOSE,2018,2543.71610565232,3.02215378969045,4,23,Los Cabos,0.506020168863614,0.457733695652162,93,52.3004,7.84138132454285,1.10596975259224,-1.75663233213149,0.202705938893194,2018
PARDITO_FARO_LOBERA,2009,29409.0842101065,22.6915926004167,4,25,Corredor,-0.0165194882398556,-0.159545289855072,25,14.7375,10.2890588923385,3.12199448585774,0.691045235664186,-0.41457304661404,2009
PARDITO_FARO_LOBERA,2010,39606.8084396857,18.9400214312642,6,25,Corredor,-0.110409899198759,-0.737860507246377,27,11.6204,10.5867563127593,2.94127721929183,0.988742656085012,-0.992888264005345,2010
PARDITO_FARO_LOBERA,2013,12985.2102186588,15.8207234418624,4,25,Corredor,-0.422108529335746,-0.364219202898551,0,0,9.47156631331188,2.76132069086805,-0.126447343362456,-0.619246959657519,2013
PARDITO_FARO_LOBERA,2015,22898.2464191426,29.7903190292239,4,25,Corredor,1.2993161281985,1.4059981884058,212,153.4063,10.038815611027,3.39418347594022,0.440801954352645,1.15097043164683,2015
PARDITO_FARO_LOBERA,2016,14196.5779152579,10.7535490759088,8,25,Corredor,0.968955427105887,0.538932971014493,179,117.4978,9.5607562226629,2.37523584668344,-0.0372574340114369,0.283905214255525,2016
PARDITO_FARO_LOBERA,2017,13009.4084183873,12.1858241849965,8,25,Corredor,0.433918867924528,0.273715579710145,59,26.9531,9.47342809917272,2.50027332410008,-0.124585557501611,0.0186878229511773,2017
PARDITO_FARO_LOBERA,2018,18526.539431571,24.8595105102871,8,25,Corredor,0.402001059705351,0.416704710144928,53,26.674,9.82695954693141,3.21324039603703,0.22894589025708,0.16167695338596,2018
PARDITO_FARO_LOBERA,2019,20601.4834187057,15.1279741596109,8,25,Corredor,0.197124347376583,-0.0309039855072459,16,5.6652,9.93311836280181,2.71654562323802,0.335104706127479,-0.285931742266214,2019
PARDITO_FARO_LOBERA,2025,36710.6113562986,32.6544342034668,4,25,Corredor,0.661288730938228,0.568878623188406,147,90.1193,10.5108211300242,3.48598065671445,0.912807473349861,0.313850866429438,2025
PARDITO_REFUGIO,2014,22467.9846283139,29.0418122793187,2,25,Corredor,1.00923393641768,1.49523731884058,153,126.8453,10.019846669493,3.36873659432203,0.421833012818682,1.24020956208161,2014
PARDITO_REFUGIO,2015,52623.9876311133,58.2697169230757,4,25,Corredor,1.2993161281985,1.4059981884058,212,153.4063,10.8709273333861,4.06508252312148,1.27291367671179,1.15097043164683,2015
PARDITO_REFUGIO,2016,11869.506406477,13.8477919621227,4,25,Corredor,0.968955427105887,0.538932971014493,179,117.4978,9.38172790345999,2.62812579480632,-0.216285753214338,0.283905214255525,2016
PARDITO_REFUGIO,2017,10941.00563253,10.8113295772391,4,25,Corredor,0.433918867924528,0.273715579710145,59,26.9531,9.30027299428609,2.38059461920709,-0.29774066238824,0.0186878229511773,2017
PARDITO_REFUGIO,2018,17518.3948046079,20.3078801434441,4,25,Corredor,0.402001059705351,0.416704710144928,53,26.674,9.77100673955139,3.01100899512978,0.172993082877058,0.16167695338596,2018
PARDITO_REFUGIO,2019,29557.3874113816,31.7468466007951,4,25,Corredor,0.197124347376583,-0.0309039855072459,16,5.6652,10.2940889885913,3.45779340074618,0.696075331916937,-0.285931742266214,2019
PARDITO_REFUGIO,2023,17942.5716878994,22.8071553535316,4,25,Corredor,0.3586859912122,0.392139492753624,83,31.499,9.79493147472049,3.1270743180209,0.196917818046153,0.137111735994656,2023
PARDITO_REFUGIO,2025,23751.6854333511,31.6516459961684,4,25,Corredor,0.661288730938228,0.568878623188406,147,90.1193,10.0754087725596,3.45479015343596,0.477395115885296,0.313850866429438,2025
PESCADOR,2005,6534.59885501523,13.9176398841213,5,29,Alto Golfo,0.141989411561987,0.370175724637678,16,7.6135,8.78486624009088,2.63315709197679,-0.813147416583453,0.11514796787871,2005
PESCADOR,2006,12895.5042461859,13.6092443126912,4,29,Alto Golfo,0.126400370466097,0.51120833333333,50,37.1231,9.46463402155912,2.61074929070532,-0.133379635115215,0.256180576574362,2006
PESCADOR,2007,22692.7264900327,18.3237282207961,4,29,Alto Golfo,-0.736120177479109,-1.0186829710145,0,0,10.0297997331831,2.90819684404352,0.431786076508756,-1.27371072777347,2007
PESCADOR,2008,27368.7392103114,17.2829824821932,4,29,Alto Golfo,-0.361026289222258,-0.280911231884062,11,5.7686,10.2171567363157,2.84972234583184,0.619143079641415,-0.53593898864303,2008
PESCADOR,2009,15698.9960275913,10.0440502908639,7,29,Alto Golfo,0.0494414663565078,-0.0923786231884093,18,9.10889999999999,9.66135204200451,2.30698044833815,0.063338385330173,-0.347406379947377,2009
PESCADOR,2010,13083.8000556766,9.50760661444561,8,29,Alto Golfo,-0.500805108985957,-1.0694981884058,17,4.67000000000001,9.47913010695152,2.25209217447769,-0.11888354972281,-1.32452594516477,2010
PIEDRAS_BOLAS,2009,38598.8607923684,22.5113271079702,4,23,Cabo Pulmo,0.519435426897558,0.43976268115942,64,35.0246,10.5609780418663,3.1140186095544,0.96296438519199,0.184734924400452,2009
PIEDRAS_BOLAS,2010,11803.302694823,15.7604425219116,4,23,Cabo Pulmo,-0.0739892306366885,-0.376922101449276,19,4.3091,9.3761346606838,2.75750316283703,-0.221878995990529,-0.631949858208244,2010
PIEDRAS_BOLAS,2011,8589.92771476928,13.0505198361615,4,23,Cabo Pulmo,0.00620255018522805,0.74976268115942,66,23.9319,9.05834559989857,2.56882796716396,-0.53966805677576,0.494734924400452,2011
PIEDRAS_BOLAS,2012,16066.5542840427,26.5172859586413,4,23,Cabo Pulmo,-0.0544181960339596,0.0826431159420287,27,9.1107,9.68449501657699,3.27779682066288,0.0864813599026597,-0.172384640816939,2012
PIEDRAS_BOLAS,2013,3541.82730062916,6.54374606732826,4,23,Cabo Pulmo,-0.405386490910662,-0.280400362318841,0,0,8.17239805956774,1.87850979465518,-1.42561559710659,-0.535428119077809,2013
PIEDRAS_BOLAS,2014,13603.5603348028,24.9741752028257,4,23,Cabo Pulmo,0.916832687171531,1.0377518115942,148,98.5037999999999,9.51808682678703,3.2178422990774,-0.0799268298872988,0.782724054835232,2014
PIEDRAS_BOLAS,2015,11471.3977689013,22.0744615540211,4,23,Cabo Pulmo,1.12154501593865,1.09095833333333,184,102.0522,9.34761206572412,3.09442135452872,-0.250401590950215,0.835930576574362,2015
PIEDRAS_BOLAS,2016,16140.8591412253,30.9439526107659,4,23,Cabo Pulmo,0.955144645496095,0.654980072463768,183,128.3095,9.68910917096644,3.43217758781825,0.0910955142921033,0.3999523157048,2016
PIEDRAS_BOLAS,2017,2259.39640559518,3.12602693120089,3,23,Cabo Pulmo,0.582668303609887,0.484653985507246,96,54.7904,7.7228529794246,1.13976284718959,-1.87516067724973,0.229626228748278,2017
PIEDRAS_BOLAS,2019,18765.1113148616,29.0955274806317,2,23,Cabo Pulmo,0.210723098130435,-0.125400362318841,32,10.1318,9.83975464359851,3.37058446754153,0.241740986924178,-0.380428119077809,2019
PIEDRAS_BOLAS,2021,16671.8648474038,23.2018456714109,4,23,Cabo Pulmo,0.621325837856463,0.920958333333332,95,64.8118,9.72147783795856,3.14423183031014,0.123464181284231,0.665930576574364,2021
PIEDRAS_BOLAS,2025,11176.531824898,14.4861030504595,2,23,Cabo Pulmo,0.495517618678381,0.800197463768116,124,70.5154,9.32157148614122,2.67318977954457,-0.276442170533114,0.545169707009148,2025
PORTUGUES,2013,7500.88050596466,10.6900706222307,4,25,Corredor,-0.439697846127331,-0.407891304347825,0,0,8.92277569342876,2.3693153313978,-0.675237963245577,-0.662919061106793,2013
PORTUGUES,2014,1959.03881295346,5.67990664120699,4,25,Corredor,1.01095968811924,1.55167391304348,156,116.4259,7.58020923038403,1.73693479619076,-2.0178044262903,1.29664615628451,2014
PORTUGUES,2015,6428.37310694684,12.5488603534274,4,25,Corredor,1.28043914017404,1.41765217391305,201,141.446,8.76847676919078,2.52962985296261,-0.829536887483553,1.16262441715408,2015
PORTUGUES,2016,11139.1154208298,13.7586618657435,4,25,Corredor,0.848495117623816,0.349010869565218,190,108.7539,9.3182181046579,2.62166857964719,-0.279795552016433,0.0939831128062503,2016
PORTUGUES,2017,3527.35700193019,5.19670147167705,4,25,Corredor,0.418000784009655,0.195206521739132,71,27.8679,8.16830414482737,1.64802409194369,-1.42970951184696,-0.0598212350198357,2017
PORTUGUES,2019,4933.27578361304,6.54906506181147,4,25,Corredor,0.0982473593521211,-0.200989130434781,15,6.2289,8.50375850553221,1.87932230080429,-1.09425515114212,-0.456016887193749,2019
PORTUGUES,2025,12015.0992594197,12.6827328077437,4,25,Corredor,0.65161722236582,0.61863043478261,149,85.9331,9.39391940942814,2.54024144690318,-0.204094247246191,0.363602678023642,2025
POTANCO,2009,17873.6941012678,22.2192321210296,3,23,Cabo Pulmo,0.519435426897558,0.43976268115942,64,35.0246,9.79108530762166,3.10095822560487,0.19307165094733,0.184734924400452,2009
POTANCO,2011,51345.4617424566,61.8529972687374,4,23,Cabo Pulmo,0.00620255018522805,0.74976268115942,66,23.9319,10.846331832531,4.12476055795112,1.2483181758567,0.494734924400452,2011
POTANCO,2012,5361.20946507821,7.89286403970933,4,23,Cabo Pulmo,-0.0544181960339596,0.0826431159420287,27,9.1107,8.58694487508033,2.06595906515149,-1.01106878159401,-0.172384640816939,2012
POTANCO,2013,4829.31937708426,8.98889739922948,4,23,Cabo Pulmo,-0.405386490910662,-0.280400362318841,0,0,8.48246082099952,2.19599019349002,-1.11555283567481,-0.535428119077809,2013
POTANCO,2015,16789.5352737458,24.5946054914143,4,23,Cabo Pulmo,1.12154501593865,1.09095833333333,184,102.0522,9.72851107093604,3.20252712992408,0.130497414261708,0.835930576574362,2015
POTANCO,2016,20170.1055137897,21.3389812683504,4,23,Cabo Pulmo,0.955144645496095,0.654980072463768,183,128.3095,9.91195686215865,3.06053550660619,0.313943205484321,0.3999523157048,2016
POTANCO,2017,9480.96882074914,13.8375388064171,4,23,Cabo Pulmo,0.582668303609887,0.484653985507246,96,54.7904,9.15704178630894,2.62738510246928,-0.440971870365393,0.229626228748278,2017
POTANCO,2018,18328.1369838372,26.8613199653608,4,23,Cabo Pulmo,0.447462824157831,0.478675724637681,72,36.555,9.81619269812532,3.29068733230614,0.218179041450991,0.223647967878713,2018
POTANCO,2019,9063.56088915117,14.2224375875926,3,23,Cabo Pulmo,0.210723098130435,-0.125400362318841,32,10.1318,9.11201735594199,2.65482082934635,-0.485996300732341,-0.380428119077809,2019
POTANCO,2021,6046.33513851145,9.17497627288332,4,23,Cabo Pulmo,0.621325837856463,0.920958333333332,95,64.8118,8.70720760524731,2.21647980787553,-0.890806051427024,0.665930576574364,2021
PULPITO,2009,34532.5524584233,26.5081529738166,10,27,Santa Rosalia,0.0632849573533178,-0.116724637681172,32,26.7671,10.4496577076759,3.27745234506404,0.851644051001598,-0.37175239444014,2009
PULPITO,2010,11809.2646210459,12.4257710234,8,27,Santa Rosalia,-0.396824631687777,-0.831561594202911,13,6.65640000000001,9.37663963977142,2.51977262425459,-0.221374016902917,-1.08658935096188,2010
PULPITO,2016,31691.0373256788,37.5696192551364,5,27,Santa Rosalia,1.31912971053717,1.19930797101448,241,181.4047,10.3637891856828,3.62619572525548,0.765775529008472,0.944280214255512,2016
PULPITO,2021,15551.0521519473,19.2662908700098,4,27,Santa Rosalia,0.713887697079345,1.13028623188405,155,83.3594,9.65188357782303,2.9583569818032,0.0538699211486939,0.875258475125083,2021
PULPITO,2022,56704.9818109231,61.2641601410643,8,27,Santa Rosalia,0.123284957353317,-0.0988442028985638,47,19.0765,10.9456173484827,4.11519500868204,1.34760369180833,-0.353871959657532,2022
PULPITO,2023,13163.036463509,17.0422827816496,8,27,Santa Rosalia,0.379805505298523,0.442188405797089,72,39.2871,9.48516791257344,2.83569747848777,-0.112845744100895,0.187160649038121,2023
PULPITO,2025,36504.3262889379,32.6902839549818,7,27,Santa Rosalia,0.757147971051948,0.847351449275349,137,86.9874,10.5051860610107,3.48707790699334,0.907172404336357,0.592323692516381,2025
PUNTA_BOTELLA,2013,39623.930320821,38.4557459650357,8,25,Corredor,-0.358082019471017,-0.170099637681155,7,2.3348,10.5871885157571,3.64950812470953,0.989174859082731,-0.425127394440123,2013
PUNTA_BOTELLA,2014,4744.86196109161,5.77645837735834,8,25,Corredor,1.07413715861118,1.48962862318841,167,174.2958,8.46481761917547,1.7537907574027,-1.13319603749886,1.23460086642944,2014
PUNTA_BOTELLA,2015,15338.8887301602,13.377745790615,8,25,Corredor,1.46553441888515,1.61680253623189,244,226.2212,9.63814662967396,2.59359256446866,0.0401329729996291,1.36177477947292,2015
PUNTA_BOTELLA,2016,8263.66735628441,8.41767123434251,8,25,Corredor,1.11880075695088,0.80767210144928,179,132.7898,9.01962375784563,2.13033321450642,-0.578389898828704,0.552644344690313,2016
PUNTA_BOTELLA,2017,10077.4281219845,9.99218536452455,7,25,Corredor,0.592575514775559,0.609193840579715,109,62.481,9.2180533624414,2.30180332394469,-0.379960294232928,0.354166083820747,2017
PUNTA_BOTELLA,2018,9871.4070878629,8.87353934353069,8,25,Corredor,0.270356336693367,0.194846014492759,43,17.2232,9.19739768436002,2.18307374080591,-0.400615972314309,-0.0601817422662086,2018
PUNTA_BOTELLA,2019,9187.2855700097,11.4682501574539,8,25,Corredor,0.312876884638572,0.073976449275367,15,7.48810000000001,9.12557580393005,2.43958236130379,-0.472437852744278,-0.181051307483601,2019
PUNTA_BOTELLA,2023,4166.27148530436,4.32078014160158,4,25,Corredor,0.269945377789258,0.187509057971019,71,27.7009,8.3347767865974,1.46343597428561,-1.26323687007694,-0.0675186987879487,2023
PUNTA_BOTELLA,2025,4085.91455477164,5.29924870015024,6,25,Corredor,0.643479624364601,0.500824275362324,139,90.5677,8.31530086345349,1.6675650558213,-1.28271279322084,0.245796518603356,2025
PUNTA_COYOTE,2013,3824.78464394807,4.00836373100021,4,25,Corredor,-0.439697846127331,-0.407891304347825,0,0,8.24925744243981,1.38838311091248,-1.34875621423453,-0.662919061106793,2013
PUNTA_COYOTE,2014,1475.01021916364,2.02926966895444,4,25,Corredor,1.01095968811924,1.55167391304348,156,116.4259,7.29642019699646,0.707675959333349,-2.30159345967787,1.29664615628451,2014
PUNTA_COYOTE,2015,4919.5094119191,6.30187496132941,4,25,Corredor,1.28043914017404,1.41765217391305,201,141.446,8.50096409149011,1.84084720202898,-1.09704956518422,1.16262441715408,2015
PUNTA_COYOTE,2016,9238.11842107228,6.66983243446518,4,25,Corredor,0.848495117623816,0.349010869565218,190,108.7539,9.13109350981641,1.89759473734287,-0.466920146857925,0.0939831128062503,2016
PUNTA_COYOTE,2017,4782.85745728178,8.17199941188211,4,25,Corredor,0.418000784009655,0.195206521739132,71,27.8679,8.47279344128801,2.10071360498794,-1.12522021538632,-0.0598212350198357,2017
PUNTA_COYOTE,2019,3452.67718239499,3.39221458502883,4,25,Corredor,0.0982473593521211,-0.200989130434781,15,6.2289,8.14690520399413,1.22148297802446,-1.4511084526802,-0.456016887193749,2019
PUNTA_PERICO,2013,5203.63654087662,5.98482387966541,4,24,La Ventana,-0.361976247092277,-0.193791666666676,0,0,8.55711299493286,1.78922691162047,-1.04090066174147,-0.448819423425644,2013
PUNTA_PERICO,2014,12412.6573563647,17.9911567436493,4,24,La Ventana,0.88648950633238,1.00751268115941,167,118.8703,9.42647198552299,2.88988034515321,-0.171541671151338,0.752484924400442,2014
PUNTA_PERICO,2015,18160.2624140508,24.6017204641773,8,24,La Ventana,1.1685716981132,1.15294746376811,203,146.014,9.80699110216381,3.20281637806098,0.208977445489481,0.897919707009143,2015
PUNTA_PERICO,2016,25543.8520080895,36.4570231021968,4,24,La Ventana,0.995942371636246,0.515610507246367,177,129.1445,10.1481519407703,3.59613411759558,0.550138284095985,0.260582750487399,2016
PUNTA_PERICO,2017,30441.8393968932,53.3082533956019,8,24,La Ventana,0.483092246058408,0.392838768115933,97,41.256,10.3235732371176,3.9760911671316,0.725559580443237,0.137811011356965,2017
PUNTA_PERICO,2018,34252.1826020224,39.6265456523934,8,24,La Ventana,0.227201835099503,0.207240942028976,32,14.9732,10.4415055672665,3.67949923843716,0.843491910592141,-0.0477868147299917,2018
REFUGIO_MORENA,2013,26920.9790558039,25.7831770305056,8,25,Corredor,-0.421454648057214,-0.313860507246387,7,1.9846,10.2006611521837,3.24972222616733,0.60264749550932,-0.568888264005355,2013
REFUGIO_MORENA,2014,10511.2544354543,10.0581498209054,6,25,Corredor,1.08240836564142,1.55874818840579,179,169.8133,9.26020181311913,2.30838323333434,-0.337811843555206,1.30372043164682,2014
REFUGIO_MORENA,2015,21531.3886416154,23.8290321924144,8,25,Corredor,1.43257274920306,1.59434601449274,247,210.0741,9.97726708626343,3.1709046772945,0.379253429589095,1.33931825773377,2015
REFUGIO_MORENA,2016,23200.4149603328,19.4697770755917,8,25,Corredor,1.09011981690552,0.770759057971004,181,128.416,10.0519254437157,2.9688633696828,0.453911787041355,0.515731301212036,2016
REFUGIO_MORENA,2017,12126.2524900057,13.9915414566319,8,25,Corredor,0.559011105367443,0.534672101449265,95,51.0123,9.40312800861559,2.63845296535482,-0.194885648058738,0.279644344690297,2017
REFUGIO_MORENA,2018,18998.9700479439,22.7999277757009,8,25,Corredor,0.341970009477032,0.297280797101439,49,21.7169,9.85214004867632,3.12675736822296,0.254126392001988,0.0422530403424713,2018
REFUGIO_MORENA,2019,18954.6828334861,18.3537251188008,8,25,Corredor,0.321011105367444,0.115052536231873,33,12.286,9.84980629520617,2.90983255764747,0.251792638531841,-0.139975220527095,2019
REFUGIO_MORENA,2023,10468.3719958268,10.7261096823842,8,25,Corredor,0.32629877660032,0.244019927536222,88,30.523,9.25611379949425,2.37268092635072,-0.341899857180083,-0.0110078292227457,2023
REFUGIO_MORENA,2025,46462.5716861331,54.1826803400423,4,25,Corredor,0.628874119066073,0.4474438405797,140,89.7088,10.7464023574858,3.9923613064566,1.14838870081152,0.192416083820732,2025
REFUGIO_SAN_MARCIAL,2013,122031.667311771,109.655089094712,4,26,Corredor,-0.18324564486948,0.247016304347821,53,28.609,11.7120358581627,4.69733988595937,2.11402220148836,-0.00801145241114667,2013
REFUGIO_SAN_MARCIAL,2014,16788.6369736229,19.9087562537445,4,26,Corredor,1.03302832773326,1.35359239130434,167,176.229,9.72845756593187,2.9911596477042,0.130443909257536,1.09856463454537,2014
REFUGIO_SAN_MARCIAL,2015,34610.7990903234,35.2183450049538,4,26,Corredor,1.52858997156888,1.68516847826086,272,264.8349,10.451921024786,3.56156711175824,0.853907368111623,1.43014072150189,2015
REFUGIO_SAN_MARCIAL,2016,20887.6920025819,21.1064654899515,8,26,Corredor,1.21683487988452,0.916201086956517,206,172.9638,9.94691536508555,3.04957941486931,0.348901708411219,0.661173330197549,2016
REFUGIO_SAN_MARCIAL,2017,21457.1005649408,18.2297473135419,4,26,Corredor,0.688233807185315,0.770114130434777,126,88.8791,9.97381089824683,2.90305472757102,0.375797241572499,0.515086373675809,2017
REFUGIO_SAN_MARCIAL,2018,40801.7671040163,30.3682252226457,4,26,Corredor,0.20012421814422,0.15489673913043,54,24.49,10.6164806708273,3.41339683884646,1.01846701415296,-0.100131017628538,2018
REFUGIO_SAN_MARCIAL,2019,9646.86541726268,16.5450496789795,2,26,Corredor,0.327274903075726,0.0283206521739079,31,11.8387,9.17438831433858,2.80608694402724,-0.423625342335757,-0.22670710458506,2019
REFUGIO_SAN_MARCIAL,2023,13889.8036777324,13.1889842215743,4,26,Corredor,0.336370793486685,0.247777173913038,85,47.4272,9.53891030157596,2.57938195251081,-0.0591033550983688,-0.00725058284592967,2023
SANTA_MARIA,2009,5650.6317897859,9.32911682122578,4,23,Los Cabos,0.532061686913073,0.505793478260878,77,36.9149,8.63952263909001,2.23314035027428,-0.958491017584326,0.25076572150191,2009
SANTA_MARIA,2010,2353.74062376188,4.10468346863514,2,23,Los Cabos,-0.126897217196516,-0.414478260869557,28,11.1964,7.76376109643157,1.41212863119449,-1.83425256024277,-0.669506017628525,2010
SANTA_MARIA,2011,4085.05786294328,7.14931408472929,3,23,Los Cabos,0.0918151115706078,0.975086956521747,68,30.4166,8.31509117192898,1.96701641989843,-1.28292248474535,0.72005919976278,2011
SANTA_MARIA,2012,5054.30473742898,5.8103048670745,2,23,Los Cabos,-0.128290760215826,0.14198913043479,37,11.141,8.5279955824163,1.7596330423055,-1.07001807425803,-0.113038626324178,2012
SANTA_MARIA,2013,4827.16375515976,6.94148370757623,4,23,Los Cabos,-0.512952011717064,-0.579097826086948,0,0,8.48201435991617,1.93751554238577,-1.11599929675817,-0.834125582845916,2013
SANTA_MARIA,2014,5317.39199460032,7.2516571071295,4,23,Los Cabos,1.05967812526924,1.42492391304349,149,127.412,8.57873823555647,1.98123000924986,-1.01927542111786,1.16989615628452,2014
SANTA_MARIA,2015,10079.4287553,12.6335289424601,4,23,Los Cabos,1.39296579650211,1.4640543478261,237,109.369,9.2182518689183,2.53635430687244,-0.379761787756031,1.20902659106713,2015
SANTA_MARIA,2016,7142.10368896988,8.68904307281641,4,23,Los Cabos,0.711190114101114,0.314978260869573,120,72.7031,8.87376264624697,2.1620628150109,-0.724251010427359,0.0599505041106053,2016
SANTA_MARIA,2017,10145.5666820793,19.4233270897371,7,23,Los Cabos,0.274527440337731,0.333565217391313,54,26.5963,9.22479210896302,2.96647477103859,-0.373221547711312,0.0785374606323454,2017
SANTA_MARIA,2018,5295.26911431338,6.56715573477005,4,23,Los Cabos,0.486171275954169,0.241608695652183,79,46.0997,8.57456908097693,1.88208082167868,-1.0234445756974,-0.0134190611067847,2018
SANTA_MARIA,2019,5139.009346564,8.4138659223472,4,23,Los Cabos,0.101184974584306,-0.545782608695644,59,26.2004,8.54461560574208,2.12988104997448,-1.05339805093225,-0.800810365454612,2019
SANTA_MARIA,2021,19116.0593711547,15.8349147726183,5,23,Los Cabos,0.644472645817183,0.884489130434791,74,37.792,9.8582840655289,2.76221729776067,0.260270408854563,0.629461373675824,2021
SANTA_MARIA,2022,9553.4954165697,15.8821415078356,4,23,Los Cabos,0.242911001981566,-0.184097826086949,73,36.5132,9.1646623787149,2.76519530238394,-0.433351277959433,-0.439125582845917,2022
SAN_DIEGO_ABNEGADO,2013,7510.94759337882,8.72715181306321,6,25,Corredor,-0.423153674506754,-0.332873188405784,0,0,8.92411691434558,2.16643906382031,-0.673896742328756,-0.587900945164752,2013
SAN_DIEGO_ABNEGADO,2014,4685.41561723533,7.00919340428934,6,25,Corredor,1.02654495563023,1.45647463768117,162,147.362,8.45220990306126,1.94722263084406,-1.14580375361307,1.2014468809222,2014
SAN_DIEGO_ABNEGADO,2015,18550.3996062341,26.5846407867767,8,25,Corredor,1.3527915309727,1.43451811594204,235,176.6644,9.8282466099186,3.28033363498902,0.230232953244265,1.17949035918307,2015
SAN_DIEGO_ABNEGADO,2016,12125.5256697313,10.9588836437294,14,25,Corredor,1.0626106578857,0.711855072463782,182,125.3585,9.40306806907056,2.3941504190081,-0.194945587603769,0.456827315704814,2016
SAN_DIEGO_ABNEGADO,2017,14942.1198719793,19.065508097734,8,25,Corredor,0.464298380287767,0.39777898550726,77,36.8181,9.61193934098913,2.94788084376657,0.013925684314799,0.142751228748292,2017
SAN_DIEGO_ABNEGADO,2018,15727.6782603639,20.8968604207877,8,25,Corredor,0.353887421383658,0.338105072463781,54,20.8255,9.66317738569017,3.03959892858568,0.0651637290158345,0.0830773157048134,2018
SAN_DIEGO_ABNEGADO,2019,14097.92458427,14.3469771108461,4,25,Corredor,0.276846325493247,0.0862028985507387,16,5.34180000000001,9.5537828729274,2.66353926571846,-0.0442307837469293,-0.168824858208229,2019
SAN_DIEGO_ABNEGADO,2023,7536.23472587497,7.95286419072083,8,25,Corredor,0.310572352890506,0.30832246376813,69,26.6195,8.92747796304754,2.07353213934495,-0.670535693626798,0.0532947070091623,2023
SAN_DIEGO_ABNEGADO,2025,11936.1617160899,11.4358327187319,6,25,Corredor,0.614133996726123,0.484246376811608,133,84.0749,9.38732787095179,2.43675164675007,-0.210685785722546,0.22921862005264,2025
SAN_EVARISTO_PUNTA_NORTE,2013,11593.0309118881,14.3579449221136,4,25,Corredor,-0.422108529335746,-0.364219202898551,0,0,9.35815941309383,2.66430344210526,-0.239854243580499,-0.619246959657519,2013
SAN_EVARISTO_PUNTA_NORTE,2016,17624.960725929,19.1900211910516,4,25,Corredor,0.968955427105887,0.538932971014493,179,117.4978,9.7770713993619,2.95439041429475,0.179057742687567,0.283905214255525,2016
SAN_EVARISTO_PUNTA_NORTE,2017,26344.1042626454,36.7263974852187,4,25,Corredor,0.433918867924528,0.273715579710145,59,26.9531,10.1789997817862,3.60349577403082,0.580986125111865,0.0186878229511773,2017
SAN_EVARISTO_PUNTA_NORTE,2018,15595.0677354471,16.6442119839062,8,25,Corredor,0.402001059705351,0.416704710144928,53,26.674,9.65470997244043,2.8120625273954,0.0566963157660965,0.16167695338596,2018
SAN_EVARISTO_PUNTA_NORTE,2019,7508.99416884438,8.69970682233291,8,25,Corredor,0.197124347376583,-0.0309039855072459,16,5.6652,8.92385680354403,2.1632893265103,-0.674156853130301,-0.285931742266214,2019
SAN_EVARISTO_PUNTA_NORTE,2023,12178.6648902574,15.5640205450956,8,25,Corredor,0.3586859912122,0.392139492753624,83,31.499,9.40744092033434,2.74496187516099,-0.190572736339997,0.137111735994656,2023
SAN_EVARISTO_PUNTA_NORTE,2025,45344.8686392758,47.7310842179124,8,25,Corredor,0.661288730938228,0.568878623188406,147,90.1193,10.72205229896,3.86558284640851,1.12403864228564,0.313850866429438,2025
SAN_FRANCISCO_PUNTA_NORTE_FARO,2013,26672.4506645172,22.2119794183077,8,25,Corredor,-0.422108529335746,-0.364219202898551,0,0,10.1913865013879,3.10063175677654,0.593372844713587,-0.619246959657519,2013
SAN_FRANCISCO_PUNTA_NORTE_FARO,2014,14775.5764336061,16.8530069956916,4,25,Corredor,1.00923393641768,1.49523731884058,153,126.8453,9.60073085563213,2.82452909759447,0.00271719895779299,1.24020956208161,2014
SAN_FRANCISCO_PUNTA_NORTE_FARO,2015,25311.3241116632,31.089234512551,8,25,Corredor,1.2993161281985,1.4059981884058,212,153.4063,10.139007167922,3.43686160210627,0.540993511247628,1.15097043164683,2015
SAN_FRANCISCO_PUNTA_NORTE_FARO,2016,14278.4879788855,16.2557296927479,8,25,Corredor,0.968955427105887,0.538932971014493,179,117.4978,9.56650934645594,2.78844544310501,-0.031504310218395,0.283905214255525,2016
SAN_FRANCISCO_PUNTA_NORTE_FARO,2017,21088.9480153332,17.2868857452477,4,25,Corredor,0.433918867924528,0.273715579710145,59,26.9531,9.95650439149536,2.84994816463135,0.35849073482103,0.0186878229511773,2017
SAN_FRANCISCO_PUNTA_NORTE_FARO,2019,23747.9857910571,21.5696213671108,8,25,Corredor,0.197124347376583,-0.0309039855072459,16,5.6652,10.0752529970687,3.07128590656646,0.477239340394387,-0.285931742266214,2019
SAN_FRANCISCO_PUNTA_NORTE_FARO,2025,18386.1421449921,19.7180519895944,4,25,Corredor,0.661288730938228,0.568878623188406,147,90.1193,9.81935251554752,2.98153456080595,0.221338858873192,0.313850866429438,2025
SAN_JOSE_ANIMAS_NORTE,1998,16073.2967372035,24.3075553361933,10,25,Corredor,0.686955914534343,0.625605072463782,128,72.7959,9.68491458624178,3.19078722120606,0.0869009295674523,0.370577315704814,1998
SAN_JOSE_ANIMAS_NORTE,1999,21892.3723619289,20.0807260555626,9,25,Corredor,-0.547181071767027,-0.311949275362305,0,0,9.99389356116031,2.99976045231538,0.395879904485978,-0.566977032121273,1999
SAN_JOSE_ANIMAS_NORTE,2000,31652.4134090897,32.7931278627713,9,25,Corredor,-0.394602456868397,-0.243634057971001,13,4.4526,10.362569677717,3.49021897705955,0.764556021042681,-0.498661814729969,2000
SAN_JOSE_ANIMAS_NORTE,2001,39008.066001566,30.4816169943394,6,25,Corredor,-0.761701619712233,-0.925590579710131,6,1.4904,10.5715237242803,3.41712378040668,0.973510067606004,-1.1806183364691,2001
SAN_JOSE_ANIMAS_NORTE,2003,23706.8800240887,17.9511262568618,9,25,Corredor,-0.266879701904014,-0.487655797101436,5,1.0354,10.0735205813704,2.88765285708082,0.475506924696102,-0.742683553860404,2003
SAN_JOSE_ANIMAS_NORTE,2004,20456.6565239119,16.3392640230355,7,25,Corredor,0.0408893464102928,0.373322463768129,29,6.3172,9.92606361089832,2.79357104698757,0.328049954223985,0.118294707009161,2004
SAN_JOSE_ANIMAS_NORTE,2005,10545.1424824219,18.3262753872116,6,25,Corredor,-0.266359153958808,-0.280644927536218,21,6.59760000000001,9.26342060466814,2.9083358435616,-0.334593052006188,-0.535672684295186,2005
SAN_JOSE_ANIMAS_NORTE,2006,18330.0469868816,13.2374718557981,8,25,Corredor,0.111065503575439,0.542724637681173,59,30.8899,9.81629690421735,2.5830515848288,0.218283247543017,0.287696880922205,2006
SAN_JOSE_ANIMAS_NORTE,2007,22146.4532968498,32.5726400499428,8,25,Corredor,-0.567537236150589,-0.946949275362306,13,4.06390000000001,10.005432640614,3.48347267372322,0.407418983939664,-1.20197703212127,2007
SAN_JOSE_ANIMAS_NORTE,2008,13975.5984411249,16.3856226332207,8,25,Corredor,-0.606105189108833,-0.277492753623175,18,8.73010000000001,9.54506811936941,2.79640428162535,-0.0529455373049181,-0.532520510382143,2008
SAN_JOSE_ANIMAS_NORTE,2009,18782.5240933852,16.6129392608254,7,25,Corredor,-0.0300577840957944,-0.153960144927523,12,15.0112,9.84068214699959,2.81018186527447,0.242668490325256,-0.408987901686491,2009
SAN_JOSE_ANIMAS_NORTE,2010,27047.4201474295,16.8316752615177,8,25,Corredor,0.0459696131644802,-0.590644927536218,54,20.5286,10.2053469062486,2.82326254344605,0.607333249574301,-0.845672684295186,2010
SAN_JOSE_ANIMAS_NORTE,2011,6847.7733409079,8.30953467747842,8,25,Corredor,-0.0717564142327803,0.556257246376825,44,26.8719,8.83167881869143,2.11740361180959,-0.7663348379829,0.301229489617857,2011
SAN_JOSE_ANIMAS_NORTE,2012,5435.5159179037,8.92497288302977,7,25,Corredor,-0.30728005249681,-0.146188405797088,23,14.7268,8.60070972014749,2.1888532893451,-0.997303936526848,-0.401216162556056,2012
SAN_JOSE_ANIMAS_NORTE,2013,8974.27492125092,8.90339268556937,6,25,Corredor,-0.423153674506754,-0.332873188405784,0,0,9.10211742137433,2.18643240472537,-0.495896235299998,-0.587900945164752,2013
SAN_JOSE_ANIMAS_NORTE,2014,8716.08196332695,8.94051470794717,8,25,Corredor,1.02654495563023,1.45647463768117,162,147.362,9.07292509979806,2.19059316112401,-0.525088556876277,1.2014468809222,2014
SAN_JOSE_ANIMAS_NORTE,2015,4640.87748674266,5.02909605580546,8,25,Corredor,1.3527915309727,1.43451811594204,235,176.6644,8.44265874086272,1.61524025738631,-1.15535491581161,1.17949035918307,2015
SAN_JOSE_ANIMAS_NORTE,2016,11897.057888967,13.7025019299269,7,25,Corredor,1.0626106578857,0.711855072463782,182,125.3585,9.38404641231044,2.617578438783,-0.213967244363889,0.456827315704814,2016
SAN_JOSE_ANIMAS_NORTE,2017,9605.13088745106,11.7561044723044,8,25,Corredor,0.464298380287767,0.39777898550726,77,36.8181,9.17005270212189,2.46437263523923,-0.427960954552439,0.142751228748292,2017
SAN_JOSE_ANIMAS_NORTE,2018,12882.1019486847,14.8365142752546,8,25,Corredor,0.353887421383658,0.338105072463781,54,20.8255,9.46359418111719,2.69709132303671,-0.134419475557147,0.0830773157048134,2018
SAN_JOSE_ANIMAS_NORTE,2019,13708.1506710681,18.6044928012462,8,25,Corredor,0.276846325493247,0.0862028985507387,16,5.34180000000001,9.5257458744039,2.92340310000512,-0.0722677822704334,-0.168824858208229,2019
SAN_JOSE_ANIMAS_NORTE,2023,5824.67758377167,6.0636047600284,8,25,Corredor,0.310572352890506,0.30832246376813,69,26.6195,8.66985892647655,1.80230446812031,-0.928154730197786,0.0532947070091623,2023
SAN_JOSE_ANIMAS_NORTE,2025,38159.8265589283,35.3105635582036,4,25,Corredor,0.614133996726123,0.484246376811608,133,84.0749,10.5495385804504,3.56418217011323,0.951524923776102,0.22921862005264,2025
SAN_JOSE_ANIMAS_PINACULOS,1998,71259.0216640488,67.6872854461977,4,25,Corredor,0.686955914534343,0.625605072463782,128,72.7959,11.1740767099616,4.21489835498625,1.57606305328725,0.370577315704814,1998
SAN_JOSE_ANIMAS_PINACULOS,1999,25309.2721876486,28.637630075223,5,25,Corredor,-0.547181071767027,-0.311949275362305,0,0,10.1389260972051,3.35472158989843,0.540912440530736,-0.566977032121273,1999
SAN_JOSE_ANIMAS_PINACULOS,2000,33907.2685682062,32.6241646743572,4,25,Corredor,-0.394602456868397,-0.243634057971001,13,4.4526,10.431384682427,3.48505326146395,0.833371025752715,-0.498661814729969,2000
SAN_JOSE_ANIMAS_PINACULOS,2001,35677.3839312463,39.3478712303323,3,25,Corredor,-0.761701619712233,-0.925590579710131,6,1.4904,10.4822722636933,3.67244187506033,0.884258607018944,-1.1806183364691,2001
SAN_JOSE_ANIMAS_PINACULOS,2003,16386.5275400008,24.3802807391159,2,25,Corredor,-0.266879701904014,-0.487655797101436,5,1.0354,9.70421478473991,3.19377463912694,0.106201128065573,-0.742683553860404,2003
SAN_JOSE_ANIMAS_PINACULOS,2004,30044.3581979292,29.301894989321,4,25,Corredor,0.0408893464102928,0.373322463768129,29,6.3172,10.3104301751796,3.3776521893351,0.71241651850522,0.118294707009161,2004
SAN_JOSE_ANIMAS_PINACULOS,2005,26309.1512685866,26.6460258163338,3,25,Corredor,-0.266359153958808,-0.280644927536218,21,6.59760000000001,10.1776721146233,3.28264001440094,0.579658457949011,-0.535672684295186,2005
SAN_JOSE_ANIMAS_PINACULOS,2006,16294.7582437405,15.5749993600296,4,25,Corredor,0.111065503575439,0.542724637681173,59,30.8899,9.69859875493825,2.74566702358393,0.10058509826392,0.287696880922205,2006
SAN_JOSE_ANIMAS_PINACULOS,2007,12265.9181325045,21.6378893623854,4,25,Corredor,-0.567537236150589,-0.946949275362306,13,4.06390000000001,9.41457981182031,3.07444591513582,-0.183433844854028,-1.20197703212127,2007
SAN_JOSE_ANIMAS_PINACULOS,2008,17336.2621414937,16.2688674597821,4,25,Corredor,-0.606105189108833,-0.277492753623175,18,8.73010000000001,9.76055566432324,2.78925330969823,0.162542007648911,-0.532520510382143,2008
SAN_JOSE_ANIMAS_PINACULOS,2009,51198.6829879059,33.1309616295723,4,25,Corredor,-0.0300577840957944,-0.153960144927523,12,15.0112,10.8434690878043,3.50046824183599,1.24545543112997,-0.408987901686491,2009
SAN_JOSE_ANIMAS_PINACULOS,2010,35255.8501756295,25.9395431538106,4,25,Corredor,0.0459696131644802,-0.590644927536218,54,20.5286,10.4703867568994,3.25576856708366,0.872373100225047,-0.845672684295186,2010
SAN_JOSE_ANIMAS_PINACULOS,2011,4353.66831157792,5.63585769853602,2,25,Corredor,-0.0717564142327803,0.556257246376825,44,26.8719,8.37877405873139,1.7291493450548,-1.21923959794295,0.301229489617857,2011
SAN_JOSE_ANIMAS_PINACULOS,2012,7039.47041164786,10.1095820624821,4,25,Corredor,-0.30728005249681,-0.146188405797088,23,14.7268,8.8592882207043,2.31348369315536,-0.738725435970036,-0.401216162556056,2012
SAN_JOSE_ANIMAS_PINACULOS,2013,9795.92304095077,10.4653466004648,3,25,Corredor,-0.423153674506754,-0.332873188405784,0,0,9.18972156187039,2.34806947531748,-0.408292094803942,-0.587900945164752,2013
SAN_JOSE_ANIMAS_PINACULOS,2014,242232.829840463,10.2457282722331,4,25,Corredor,1.02654495563023,1.45647463768117,162,147.362,12.3976546493895,2.32686086478988,2.79964099271518,1.2014468809222,2014
SAN_JOSE_ANIMAS_PINACULOS,2015,7402.21170023166,6.67115344967643,7,25,Corredor,1.3527915309727,1.43451811594204,235,176.6644,8.90953411294669,1.89779277596266,-0.688479543727642,1.17949035918307,2015
SAN_JOSE_ANIMAS_PINACULOS,2016,11742.2100226455,12.2307076003178,6,25,Corredor,1.0626106578857,0.711855072463782,182,125.3585,9.37094532290988,2.50394980577827,-0.227068333764452,0.456827315704814,2016
SAN_JOSE_ANIMAS_PINACULOS,2017,10717.4829277652,12.0597486163933,4,25,Corredor,0.464298380287767,0.39777898550726,77,36.8181,9.27963160554016,2.48987334666996,-0.318382051134172,0.142751228748292,2017
SAN_JOSE_ANIMAS_PINACULOS,2018,35892.8118393011,40.7219824779417,4,25,Corredor,0.353887421383658,0.338105072463781,54,20.8255,10.4882923271107,3.70676805666477,0.890278670436354,0.0830773157048134,2018
SAN_JOSE_ANIMAS_PINACULOS,2019,11572.3260797422,17.233174758617,8,25,Corredor,0.276846325493247,0.0862028985507387,16,5.34180000000001,9.35637184403831,2.8468362911763,-0.24164181263602,-0.168824858208229,2019
SAN_JOSE_ANIMAS_PINACULOS,2023,11241.2563760798,12.5800856075949,8,25,Corredor,0.310572352890506,0.30832246376813,69,26.6195,9.32734589443237,2.53211505630438,-0.27066776224196,0.0532947070091623,2023
SAN_JOSE_ANIMAS_PINACULOS,2025,11422.387279805,8.72056367965294,4,25,Corredor,0.614133996726123,0.484246376811608,133,84.0749,9.34333050512916,2.16568387799371,-0.254683151545169,0.22921862005264,2025
SAN_MATEO_NORTE,2013,8574.89079409943,9.62353482209501,4,25,Corredor,-0.358082019471017,-0.170099637681155,7,2.3348,9.05659353657105,2.26421164231041,-0.541420120103279,-0.425127394440123,2013
SAN_MATEO_NORTE,2014,16922.6539830739,20.8891766928165,2,25,Corredor,1.07413715861118,1.48962862318841,167,174.2958,9.73640847565139,3.03923116324641,0.138394818977053,1.23460086642944,2014
SAN_MATEO_NORTE,2015,19902.878545747,23.1125551801723,4,25,Corredor,1.46553441888515,1.61680253623189,244,226.2212,9.89861965079175,3.14037598417053,0.30060599411742,1.36177477947292,2015
SAN_MATEO_NORTE,2016,9282.31816681992,8.16698328439576,4,25,Corredor,1.11880075695088,0.80767210144928,179,132.7898,9.13586659704385,2.1000995976489,-0.462147059630482,0.552644344690313,2016
SAN_MATEO_NORTE,2017,13212.769039624,11.0825562408379,4,25,Corredor,0.592575514775559,0.609193840579715,109,62.481,9.4889389924782,2.40537236236707,-0.109074664196129,0.354166083820747,2017
SAN_MATEO_NORTE,2019,13262.6148086448,13.1617898330334,4,25,Corredor,0.312876884638572,0.073976449275367,15,7.48810000000001,9.49270443952151,2.5773179221989,-0.105309217152824,-0.181051307483601,2019
TACHUELAS,2009,16281.5019838138,14.6553367970853,4,23,Cabo Pulmo,0.519435426897558,0.43976268115942,64,35.0246,9.69778489474891,2.68480455561733,0.0997712380745792,0.184734924400452,2009
TACHUELAS,2010,4287.52115866734,7.89124738368777,4,23,Cabo Pulmo,-0.0739892306366885,-0.376922101449276,19,4.3091,8.36346402642816,2.06575421915366,-1.23454963024617,-0.631949858208244,2010
TACHUELAS,2011,6185.45207422159,9.94893439743998,4,23,Cabo Pulmo,0.00620255018522805,0.74976268115942,66,23.9319,8.72995537418809,2.29746544970067,-0.868058282486244,0.494734924400452,2011
TACHUELAS,2012,13386.705889364,23.5894318803988,4,23,Cabo Pulmo,-0.0544181960339596,0.0826431159420287,27,9.1107,9.50201739567558,3.16079881006043,-0.095996260998751,-0.172384640816939,2012
TACHUELAS,2013,5304.25538426096,8.27873095622574,4,23,Cabo Pulmo,-0.405386490910662,-0.280400362318841,0,0,8.57626468007702,2.1136896904944,-1.02174897659731,-0.535428119077809,2013
TACHUELAS,2014,6738.8677932964,14.2734652052885,4,23,Cabo Pulmo,0.916832687171531,1.0377518115942,148,98.5037999999999,8.81564720660515,2.65840223349478,-0.782366450069182,0.782724054835232,2014
TACHUELAS,2015,9919.92467853533,15.4411881540916,4,23,Cabo Pulmo,1.12154501593865,1.09095833333333,184,102.0522,9.20230060736051,2.73703849462111,-0.395713049313825,0.835930576574362,2015
TACHUELAS,2016,22885.6290363322,39.2471411419999,4,23,Cabo Pulmo,0.955144645496095,0.654980072463768,183,128.3095,10.0382644395499,3.66987860442916,0.440250782875603,0.3999523157048,2016
TACHUELAS,2017,11078.762080348,18.4991102939725,4,23,Cabo Pulmo,0.582668303609887,0.484653985507246,96,54.7904,9.31278522845914,2.91772263871011,-0.285228428215188,0.229626228748278,2017
TACHUELAS,2018,10918.8603779892,19.020642152954,4,23,Cabo Pulmo,0.447462824157831,0.478675724637681,72,36.555,9.29824688286291,2.94552481853229,-0.29976677381142,0.223647967878713,2018
TACHUELAS,2019,10395.4605296829,18.4847054574287,2,23,Cabo Pulmo,0.210723098130435,-0.125400362318841,32,10.1318,9.24912450231056,2.916943658122,-0.348889154363771,-0.380428119077809,2019
TACHUELAS,2021,35106.7335035569,30.6923620012824,4,23,Cabo Pulmo,0.621325837856463,0.920958333333332,95,64.8118,10.4661482287636,3.4240138288921,0.868134572089296,0.665930576574364,2021
TACHUELAS,2023,17165.8491107082,38.7132939708825,4,23,Cabo Pulmo,0.453298440596188,0.654545289855073,86,31.2296,9.75067717223069,3.65618305450799,0.152663515556359,0.399517533096105,2023
VENTANA,2006,9483.58383884417,13.9089003849912,4,29,Alto Golfo,0.126400370466097,0.51120833333333,50,37.1231,9.15731756588134,2.63252895068916,-0.440696090792995,0.256180576574362,2006
VENTANA,2007,4439.81672282027,3.24569825422367,4,29,Alto Golfo,-0.736120177479109,-1.0186829710145,0,0,8.3983683759302,1.17733050550576,-1.19964528074413,-1.27371072777347,2007
VENTANA,2008,9586.9533964391,5.18949736889646,8,29,Alto Golfo,-0.361026289222258,-0.280911231884062,11,5.7686,9.16815843194482,1.64663684641787,-0.429855224729513,-0.53593898864303,2008
VENTANA,2009,9930.66441664567,7.80388397785617,7,29,Alto Golfo,0.0494414663565078,-0.0923786231884093,18,9.10889999999999,9.20338266483565,2.05462155564063,-0.39463099183868,-0.347406379947377,2009
VENTANA,2010,17267.1546558509,12.7901233534011,8,29,Alto Golfo,-0.500805108985957,-1.0694981884058,17,4.67000000000001,9.75656140110197,2.54867326006349,0.158547744427636,-1.32452594516477,2010
VENTANA,2016,14602.5824539967,12.2920559156519,6,29,Alto Golfo,0.832279721706704,0.574088768115939,110,62.0872,9.58895367246567,2.50895319320452,-0.00905998420866361,0.319061011356971,2016
VENTANA,2023,19310.1083386685,16.5682800121642,8,29,Alto Golfo,-0.54247634186267,-0.859878623188409,13,1.6691,9.86838398590234,2.80749002473295,0.270370329228008,-1.11490637994738,2023
